SCRIPT_SECTION,DISTANCE_TIER,CHARACTER,MATCH_COUNT
58,3,FINN,4914
266,3,FINN,220
266,3,REY,125
306,3,HAN,654
380,1,HAN,2307
58,2,FINN,3130
424,0,REY,8266
31,2,KYLO REN,368
57,0,POE,494
57,2,POE,716
53,3,POE,232
8,2,POE,682
380,4,HAN,403
331,3,C-3PO,38
12,1,POE,1326
12,0,POE,1399
12,2,POE,562
317,4,LEIA,444
406,2,FINN,761
407,2,FINN,352
334,0,HAN,327
425,1,FINN,392
94,1,REY,9702
59,2,FINN,1225
260,1,MAZ,524
380,4,FINN,633
229,3,REY,627
229,3,HAN,1306
271,4,FINN,677
268,3,REY,784
261,5,FINN,260
228,0,HAN,150
128,1,FINN,1803
406,5,FINN,73
406,1,FINN,825
407,1,FINN,1104
407,3,FINN,161
31,3,KYLO REN,921
294,3,REY,724
40,2,STORMTROOPER,723
41,2,STORMTROOPER,420
65,2,FINN,1367
65,2,POE,408
455,2,KYLO REN,518
455,1,KYLO REN,1660
316,1,FINN,492
465,0,REY,980
465,2,LEIA,76
95,0,FINN,36
95,0,REY,76
352,1,KYLO REN,966
353,1,KYLO REN,661
14,3,KYLO REN,595
14,3,LOR SAN TEKKA,591
15,3,LOR SAN TEKKA,104
262,5,FINN,346
435,4,HAN,837
435,4,KYLO REN,522
436,4,KYLO REN,436
159,3,HAN,260
327,3,C-3PO,241
328,3,HAN,1125
309,5,C-3PO,47
91,1,REY,124
91,1,FINN,350
56,1,FN-2187,34
56,0,FN-2187,546
313,0,POE,380
314,1,FINN,809
314,0,POE,170
315,1,POE,938
316,1,POE,100
248,5,KYLO REN,120
249,5,KYLO REN,24
313,1,FINN,360
331,3,HAN,101
332,0,HAN,323
332,5,HAN,98
193,3,HAN,360
317,1,LEIA,3138
317,2,LEIA,1375
268,0,REY,4752
248,1,KYLO REN,313
352,2,KYLO REN,676
332,3,HAN,430
64,5,POE,210
204,0,SNOKE,10755
175,5,BALA-TIK,125
175,5,HAN,90
268,2,REY,760
6,2,LOR SAN TEKKA,196
442,5,KYLO REN,4361
271,3,FINN,1226
271,2,FINN,762
271,0,FINN,806
271,1,FINN,1041
70,0,FINN,1846
140,3,FINN,535
140,3,REY,283
263,3,MAZ,100
250,2,HAN,2702
250,0,HAN,1907
251,1,HAN,48
193,0,HAN,413
194,0,HAN,20
312,3,FINN,368
312,3,POE,102
343,2,KYLO REN,2180
344,2,KYLO REN,369
344,2,REY,273
382,1,HAN,882
273,4,FINN,1231
274,4,REY,20
10,1,POE,66
10,1,LOR SAN TEKKA,216
398,4,FINN,614
338,3,LEIA,2650
355,0,KYLO REN,312
248,2,KYLO REN,169
305,2,FINN,437
305,0,FINN,3595
314,0,FINN,496
276,2,REY,958
276,1,REY,885
277,1,REY,76
421,0,FINN,1759
422,0,FINN,2078
362,3,TROOPER GUARD #2,293
363,3,TROOPER GUARD #2,411
363,3,REY,78
14,1,LOR SAN TEKKA,335
14,1,KYLO REN,482
348,4,KYLO REN,311
402,1,HAN,553
402,1,FINN,32
202,0,SNOKE,236
202,1,KYLO REN,6
162,5,HAN,29
162,5,REY,32
440,1,HAN,721
440,1,KYLO REN,629
440,3,HAN,252
258,2,FINN,940
259,2,HAN,4264
290,3,REY,253
290,3,MAZ,100
325,5,C-3PO,278
325,3,C-3PO,288
325,3,LEIA,682
326,3,LEIA,731
325,5,LEIA,470
326,5,LEIA,561
253,3,MAZ,78
254,3,MAZ,109
435,3,HAN,3868
435,3,KYLO REN,1484
436,3,KYLO REN,1283
40,5,STORMTROOPER,323
250,5,MAZ,11
250,5,HAN,363
90,2,FINN,523
273,3,FINN,849
233,3,HAN,73
266,0,FINN,591
266,0,REY,2060
466,0,LEIA,5398
343,4,KYLO REN,436
344,4,KYLO REN,440
267,1,REY,1964
267,2,REY,1705
442,3,KYLO REN,9127
131,1,FINN,451
6,4,LOR SAN TEKKA,119
7,4,LOR SAN TEKKA,493
317,0,POE,182
70,1,FINN,2170
30,0,KYLO REN,4608
168,0,REY,841
258,4,FINN,105
259,4,HAN,524
183,0,HAN,2514
71,1,FINN,78
89,2,FINN,402
89,2,REY,133
466,1,LEIA,548
345,3,KYLO REN,80
345,3,REY,59
406,0,FINN,983
407,0,FINN,1069
30,1,KYLO REN,1618
166,5,HAN,20
166,5,REY,24
206,0,REY,10
206,0,HAN,1
106,0,REY,37
107,0,REY,273
107,2,REY,882
304,3,FINN,18
305,3,FINN,165
243,5,HAN,140
274,3,REY,76
274,3,FINN,51
322,5,LEIA,907
40,1,STORMTROOPER,827
40,0,STORMTROOPER,1684
41,0,STORMTROOPER,911
41,1,STORMTROOPER,441
41,2,POE,59
32,0,POE,927
153,2,REY,48
153,0,REY,353
153,1,REY,75
204,3,SNOKE,255
192,1,REY,205
424,1,REY,1677
425,0,REY,118
425,2,FINN,436
40,4,STORMTROOPER,386
40,3,STORMTROOPER,2093
16,4,KYLO REN,742
8,0,POE,2615
435,2,HAN,1909
338,5,LEIA,1040
458,5,SNOKE,130
128,2,FINN,1103
306,3,FINN,69
58,1,FINN,825
58,0,FINN,1931
250,0,MAZ,119
191,2,HAN,37
16,2,KYLO REN,4455
16,0,KYLO REN,1262
16,0,LOR SAN TEKKA,252
442,2,KYLO REN,9832
155,4,REY,533
276,3,REY,368
277,3,REY,66
288,0,REY,271
289,0,REY,808
289,3,REY,490
272,4,FINN,179
435,1,HAN,2100
8,1,POE,1986
31,0,KYLO REN,1353
387,4,LEIA,83
387,4,HAN,88
98,0,FINN,425
98,1,FINN,195
442,1,KYLO REN,14175
30,2,KYLO REN,706
458,3,SNOKE,138
458,3,REY,5
313,2,FINN,750
314,2,FINN,570
127,3,FINN,530
205,5,KYLO REN,101
338,4,LEIA,1521
142,5,REY,91
142,5,FINN,158
426,2,FINN,770
443,3,KYLO REN,421
94,3,REY,1020
305,1,FINN,393
1,2,Intro Text,487
155,1,REY,812
283,2,GENERAL HUX,139
283,0,GENERAL HUX,837
284,0,GENERAL HUX,751
247,0,KYLO REN,702
248,0,KYLO REN,619
16,2,LOR SAN TEKKA,661
247,1,KYLO REN,358
57,1,POE,216
425,1,REY,785
117,2,REY,4541
118,2,REY,708
442,0,KYLO REN,8484
326,4,LEIA,281
70,2,FINN,683
280,4,MAZ,160
77,2,GENERAL HUX,31
77,0,GENERAL HUX,216
77,1,GENERAL HUX,27
78,1,KYLO REN,71
78,0,KYLO REN,132
79,0,KYLO REN,282
79,1,KYLO REN,30
79,1,GENERAL HUX,51
80,1,GENERAL HUX,27
80,3,GENERAL HUX,29
80,0,KYLO REN,187
82,1,KYLO REN,191
82,0,KYLO REN,318
90,1,FINN,398
90,1,REY,90
7,5,LOR SAN TEKKA,629
44,2,FN-2187,404
256,1,FINN,450
12,3,POE,633
252,2,HAN,719
252,0,HAN,549
250,3,HAN,1496
251,3,HAN,116
422,3,FINN,617
424,2,REY,1067
348,2,KYLO REN,230
348,0,KYLO REN,1795
349,2,KYLO REN,139
349,0,KYLO REN,732
349,1,KYLO REN,398
261,1,FINN,980
351,0,REY,151
351,1,REY,1756
110,0,FINN,34
221,2,HAN,393
221,0,HAN,503
222,0,HAN,152
312,0,FINN,152
312,0,POE,195
312,4,POE,11
231,0,HAN,988
266,2,FINN,308
289,1,REY,745
289,2,REY,1087
442,4,KYLO REN,3946
164,0,FINN,52
165,0,HAN,122
165,2,HAN,105
203,1,KYLO REN,41
204,1,KYLO REN,105
204,1,SNOKE,144
204,5,SNOKE,92
197,4,SNOKE,22
197,3,SNOKE,21
198,3,GENERAL HUX,26
258,3,FINN,131
230,0,HAN,478
234,4,HAN,72
235,4,HAN,90
67,5,POE,99
140,2,FINN,669
273,1,FINN,1172
9,0,LOR SAN TEKKA,470
217,4,HAN,158
217,4,FINN,330
276,2,MAZ,27
435,2,KYLO REN,2214
436,2,KYLO REN,1302
104,3,FINN,339
104,3,REY,234
313,0,FINN,1488
68,1,POE,518
69,1,FINN,1356
277,2,REY,120
277,2,MAZ,67
17,3,LOR SAN TEKKA,251
18,3,LOR SAN TEKKA,105
12,5,POE,60
272,2,FINN,197
272,0,FINN,398
435,1,KYLO REN,3252
8,4,POE,123
247,2,KYLO REN,181
94,2,REY,787
340,4,LEIA,302
341,4,LEIA,40
276,0,REY,1213
128,0,FINN,1225
70,3,FINN,390
185,3,REY,316
13,1,KYLO REN,79
14,0,LOR SAN TEKKA,412
15,0,LOR SAN TEKKA,235
15,1,KYLO REN,113
16,1,KYLO REN,2435
17,0,LOR SAN TEKKA,203
17,1,LOR SAN TEKKA,310
17,2,LOR SAN TEKKA,245
17,1,KYLO REN,454
18,0,LOR SAN TEKKA,403
269,3,FINN,170
81,2,GENERAL HUX,13
81,2,KYLO REN,27
197,0,SNOKE,140
197,1,SNOKE,13
294,4,REY,272
273,5,FINN,234
250,3,MAZ,50
426,5,REY,1089
427,5,REY,24
258,1,FINN,398
259,1,HAN,2638
381,3,FINN,524
221,1,HAN,611
426,2,REY,639
465,1,LEIA,112
282,3,REY,1892
118,4,REY,200
59,0,POE,530
59,0,FINN,1004
221,3,HAN,362
117,3,REY,1867
438,1,HAN,295
250,1,HAN,913
282,1,REY,5794
140,4,FINN,489
140,4,REY,272
326,2,LEIA,476
326,2,HAN,25
454,0,KYLO REN,508
455,0,KYLO REN,2310
315,4,POE,117
13,0,POE,330
70,4,FINN,114
285,0,GENERAL HUX,756
286,0,GENERAL HUX,813
287,0,GENERAL HUX,658
287,2,GENERAL HUX,73
371,0,FINN,48
372,0,FINN,100
372,1,FINN,43
436,1,KYLO REN,1142
94,4,REY,145
338,1,LEIA,3451
131,0,FINN,670
132,1,REY,54
131,2,FINN,271
113,2,FINN,1428
38,0,UNKAR,44
38,0,REY,31
443,2,FINN,9
444,2,REY,25
444,2,ADMIRAL ACKBAR,8
382,2,LEIA,29
382,2,HAN,817
267,3,REY,1990
267,3,FINN,287
241,4,HAN,38
250,4,HAN,756
85,4,FINN,42
334,1,HAN,482
113,1,FINN,1899
312,2,FINN,251
312,2,POE,87
125,1,REY,224
128,4,FINN,339
334,5,HAN,157
1,3,Intro Text,602
68,2,POE,417
336,0,HAN,194
337,0,HAN,149
380,2,FINN,931
380,2,HAN,541
441,3,KYLO REN,282
236,2,REY,825
425,4,FINN,234
322,0,LEIA,407
426,1,REY,556
426,1,FINN,437
193,5,HAN,257
325,2,LEIA,306
203,0,SNOKE,218
211,0,HAN,43
448,0,JESS,157
448,2,JESS,642
20,1,STORMTROOPER #1,2
20,1,KYLO REN,8
21,1,KYLO REN,24
29,2,KYLO REN,489
333,2,HAN,142
334,2,HAN,732
332,1,HAN,714
460,2,MEDIC,42
460,4,MEDIC,116
44,0,FN-2187,5321
44,1,POE,354
205,1,SNOKE,91
205,0,KYLO REN,462
274,2,FINN,87
437,0,KYLO REN,553
437,2,HAN,59
6,0,LOR SAN TEKKA,237
7,0,LOR SAN TEKKA,339
117,1,REY,3293
118,1,REY,227
361,2,SNOKE,188
362,2,SNOKE,42
362,2,REY,531
316,4,POE,226
317,4,POE,61
228,1,HAN,188
229,1,REY,696
104,2,REY,87
465,5,REY,514
441,1,KYLO REN,503
441,1,HAN,257
57,3,POE,314
168,2,REY,133
26,0,REY,565
138,1,FINN,304
138,1,REY,786
138,2,REY,155
336,2,HAN,134
16,3,LOR SAN TEKKA,167
167,1,HAN,203
167,0,HAN,170
167,2,FINN,16
380,1,FINN,875
330,4,C-3PO,49
435,0,HAN,937
435,0,KYLO REN,1278
436,0,KYLO REN,1121
436,2,HAN,54
436,0,HAN,389
437,0,HAN,234
438,0,HAN,501
438,0,KYLO REN,475
439,0,KYLO REN,67
439,3,HAN,207
439,0,HAN,1432
440,0,HAN,488
440,2,KYLO REN,180
441,0,HAN,502
441,0,KYLO REN,1123
443,0,KYLO REN,1463
443,2,HAN,145
6,5,LOR SAN TEKKA,115
215,5,HAN,46
215,5,REY,45
355,1,KYLO REN,917
434,3,KYLO REN,107
419,1,HAN,54
270,1,FINN,176
64,1,POE,483
440,2,HAN,232
119,1,FINN,489
220,0,HAN,451
448,1,JESS,808
312,1,FINN,221
312,1,POE,110
465,0,LEIA,315
262,1,FINN,787
438,3,HAN,247
260,2,MAZ,237
127,1,FINN,184
125,0,REY,373
125,2,REY,56
32,1,KYLO REN,72
332,2,HAN,373
260,2,FINN,52
261,2,FINN,608
419,4,FINN,133
419,4,HAN,38
281,5,MAZ,90
32,2,POE,23
408,3,HAN,32
408,3,CAPTAIN PHASMA,235
30,3,KYLO REN,420
398,3,HAN,177
398,3,FINN,751
138,2,FINN,147
139,2,FINN,27
229,1,HAN,1834
334,3,LEIA,206
325,2,C-3PO,151
26,3,REY,389
156,3,HAN,18
262,2,FINN,314
422,2,FINN,625
405,1,FINN,731
172,1,BALA-TIK,20
172,1,HAN,109
228,5,HAN,318
229,5,REY,553
378,3,MAJOR EMATT,12
378,3,POE,39
387,2,HAN,125
387,1,HAN,516
116,4,FINN,34
116,3,FINN,68
116,3,REY,81
58,4,FINN,1964
288,3,GENERAL HUX,454
349,3,KYLO REN,78
159,2,HAN,311
343,1,KYLO REN,884
344,1,KYLO REN,148
344,3,KYLO REN,596
259,3,HAN,1139
168,3,HAN,117
168,3,REY,572
34,0,GENERAL HUX,64
34,0,KYLO REN,150
135,2,REY,321
76,3,FINN,1484
217,5,HAN,306
217,5,FINN,673
291,2,HAN,448
75,3,TECHNICIAN #1,90
75,3,GENERAL HUX,68
268,1,FINN,243
440,0,KYLO REN,168
321,3,FINN,180
322,3,FINN,19
387,1,LEIA,115
388,2,LEIA,31
338,0,LEIA,2121
41,4,STORMTROOPER,62
176,0,HAN,248
113,3,FINN,1623
317,3,LEIA,1199
422,1,FINN,962
176,1,HAN,638
172,2,HAN,194
173,2,HAN,44
239,4,REY,5
239,4,HAN,20
426,4,FINN,237
219,5,HAN,162
89,1,FINN,298
159,5,HAN,283
268,1,REY,1161
301,0,KYLO REN,177
302,0,KYLO REN,321
5,4,Intro Text,1
5,0,LOR SAN TEKKA,40
338,2,HAN,14
338,2,LEIA,3208
176,3,HAN,86
231,2,HAN,317
59,1,POE,411
60,1,POE,76
91,2,FINN,202
395,0,KYLO REN,196
241,1,HAN,225
31,1,KYLO REN,552
169,1,HAN,738
18,2,LOR SAN TEKKA,106
9,1,LOR SAN TEKKA,276
445,1,REY,85
454,1,GENERAL HUX,62
455,0,REY,2
455,2,REY,52
441,3,HAN,20
434,2,HAN,12
434,0,KYLO REN,460
395,3,KYLO REN,93
14,4,LOR SAN TEKKA,298
14,4,KYLO REN,342
322,4,LEIA,127
323,4,LEIA,4
323,4,DR. KALONIA,2
268,0,FINN,252
269,0,FINN,249
436,1,HAN,200
204,0,KYLO REN,224
205,0,SNOKE,92
201,5,GENERAL HUX,428
202,5,SNOKE,143
203,0,KYLO REN,107
288,1,REY,187
282,4,REY,2096
282,2,REY,1441
438,2,KYLO REN,366
113,2,REY,349
337,3,HAN,174
337,1,HAN,245
338,1,HAN,10
438,1,KYLO REN,233
359,2,SNOKE,49
360,2,SNOKE,204
353,2,REY,225
354,2,REY,275
354,0,REY,1002
353,0,KYLO REN,540
353,0,REY,310
9,5,LOR SAN TEKKA,147
139,1,FINN,22
454,0,GENERAL HUX,12
455,1,REY,26
290,1,REY,106
321,1,FINN,189
228,4,HAN,806
144,0,HAN,92
342,0,KYLO REN,620
257,3,FINN,35
257,2,FINN,112
445,4,KYLO REN,36
445,4,REY,4
268,2,FINN,195
90,4,FINN,280
423,1,OFFICER,37
423,1,HAN,176
355,2,KYLO REN,249
127,4,FINN,491
362,4,REY,88
362,4,TROOPER GUARD #2,148
363,4,TROOPER GUARD #2,204
354,3,REY,133
445,0,FINN,10
445,0,KYLO REN,60
264,0,REY,292
446,0,KYLO REN,166
446,2,FINN,11
273,2,FINN,2559
265,2,REY,302
265,2,FINN,55
265,2,HAN,15
417,3,POE,195
350,0,KYLO REN,678
351,0,KYLO REN,343
446,2,KYLO REN,28
446,1,KYLO REN,139
439,1,HAN,367
117,4,REY,973
117,0,REY,884
290,4,REY,183
290,4,MAZ,103
41,1,POE,42
41,1,FN-2187,135
237,3,HAN,123
238,3,HAN,57
30,4,POE,18
30,0,POE,7
45,1,FN-2187,320
45,1,POE,524
352,0,KYLO REN,1015
348,1,KYLO REN,1015
267,2,FINN,246
266,4,FINN,89
266,4,REY,71
34,3,KYLO REN,130
34,3,REY,171
317,0,LEIA,1441
127,5,FINN,407
427,1,SNAP,12
427,1,JESS,23
98,3,FINN,266
7,3,LOR SAN TEKKA,540
7,3,POE,39
224,1,REY,847
90,4,REY,75
91,4,REY,48
18,1,KYLO REN,56
437,1,KYLO REN,471
443,2,KYLO REN,575
279,0,REY,12
279,0,MAZ,453
333,0,HAN,49
333,0,LEIA,95
339,0,LEIA,54
388,0,LEIA,73
389,0,LEIA,58
389,3,LEIA,33
159,4,HAN,317
250,2,MAZ,47
339,1,HAN,14
228,2,HAN,192
229,2,REY,521
229,5,HAN,459
91,4,FINN,125
319,3,LEIA,689
319,3,POE,166
286,1,GENERAL HUX,139
287,1,GENERAL HUX,116
44,5,FN-2187,78
282,5,REY,1479
327,4,C-3PO,212
328,4,HAN,458
265,4,REY,132
265,4,FINN,63
281,3,MAZ,121
281,0,MAZ,443
281,1,MAZ,299
282,1,MAZ,48
288,4,GENERAL HUX,1101
269,1,FINN,313
293,4,STORMTROOPER #4,32
293,4,REY,149
423,0,OFFICER,45
423,0,HAN,235
240,4,HAN,72
183,1,HAN,121
52,4,POE,143
52,4,FN-2187,8
65,5,POE,190
66,5,POE,39
141,5,FINN,1
361,0,KYLO REN,183
361,0,SNOKE,296
362,0,SNOKE,61
362,1,REY,437
274,4,FINN,47
426,3,REY,956
427,3,REY,31
443,1,KYLO REN,400
443,1,HAN,6
437,4,HAN,24
344,0,REY,1221
222,1,HAN,396
249,0,KYLO REN,718
326,3,HAN,16
327,2,LEIA,149
327,2,HAN,25
385,0,FINN,6
385,0,LEIA,124
386,0,LEIA,59
386,0,HAN,118
387,0,LEIA,40
387,0,HAN,76
388,2,HAN,47
337,2,LEIA,17
337,1,LEIA,27
433,1,HAN,303
58,5,FINN,819
98,0,REY,11
398,2,HAN,282
398,1,FINN,628
265,1,REY,589
265,1,FINN,35
265,1,HAN,16
44,1,FN-2187,511
315,5,FINN,9
46,4,FN-2187,266
327,0,C-3PO,67
328,0,HAN,320
194,1,HAN,32
195,1,HAN,96
275,0,MAZ,2
276,0,MAZ,152
276,1,MAZ,61
408,1,HAN,21
408,1,CAPTAIN PHASMA,166
34,5,REY,55
35,5,REY,16
60,0,POE,166
16,1,LOR SAN TEKKA,270
113,0,FINN,2447
29,3,REY,340
29,0,REY,248
29,0,KYLO REN,486
231,0,REY,15
231,4,HAN,32
371,1,FINN,34
361,2,KYLO REN,23
169,3,HAN,454
443,4,HAN,28
443,4,KYLO REN,176
236,4,REY,480
306,1,FINN,43
218,1,HAN,80
118,3,REY,123
252,3,HAN,1030
234,1,HAN,159
235,1,HAN,159
144,1,HAN,74
342,3,KYLO REN,62
343,0,KYLO REN,731
344,0,KYLO REN,586
345,0,KYLO REN,233
345,0,REY,572
346,0,KYLO REN,697
1,0,Intro Text,731
347,0,KYLO REN,899
348,5,KYLO REN,288
350,1,KYLO REN,301
351,1,KYLO REN,156
43,0,POE,450
44,0,POE,444
288,5,GENERAL HUX,993
372,5,FINN,243
372,5,LEIA,243
375,4,HAN,212
236,1,REY,478
343,3,KYLO REN,619
344,3,REY,90
235,3,HAN,408
231,1,REY,19
231,1,HAN,476
331,1,C-3PO,56
249,1,KYLO REN,296
126,3,REY,533
126,3,FINN,9
41,5,STORMTROOPER,15
256,2,MAZ,92
256,2,FINN,134
362,5,TROOPER GUARD #2,65
363,5,TROOPER GUARD #2,96
363,5,REY,24
356,2,SNOKE,80
185,4,FINN,8
185,3,FINN,18
75,4,TECHNICIAN #1,159
75,4,GENERAL HUX,97
0,1,Intro Text,164
353,3,KYLO REN,556
353,3,REY,505
352,4,KYLO REN,130
353,4,KYLO REN,318
353,4,REY,267
282,5,MAZ,38
230,2,HAN,382
264,4,REY,135
264,2,REY,227
235,3,REY,28
41,2,FN-2187,60
41,0,FN-2187,257
42,0,FN-2187,335
42,2,POE,38
242,1,HAN,136
243,1,HAN,270
103,4,FINN,60
104,4,FINN,172
370,4,POE,51
157,4,REY,55
158,4,REY,7
224,3,FINN,163
225,3,FINN,815
213,4,REY,260
214,4,REY,53
267,5,REY,374
267,5,FINN,101
127,2,FINN,633
327,3,HAN,58
268,4,REY,133
421,2,FINN,418
228,3,HAN,193
229,4,REY,474
224,1,FINN,161
225,1,FINN,524
234,2,HAN,99
234,0,HAN,108
235,0,HAN,81
235,2,HAN,254
382,5,HAN,292
382,5,POE,16
30,5,POE,41
30,5,KYLO REN,73
31,5,KYLO REN,48
395,1,KYLO REN,334
353,5,KYLO REN,289
353,5,REY,513
327,2,C-3PO,87
328,2,HAN,433
406,4,FINN,215
224,3,REY,1384
270,4,FINN,67
270,2,FINN,44
437,2,KYLO REN,151
14,2,LOR SAN TEKKA,319
14,2,KYLO REN,477
283,1,GENERAL HUX,225
239,3,REY,14
239,0,REY,14
239,0,HAN,129
0,0,Intro Text,1135
183,2,HAN,298
353,2,KYLO REN,242
438,3,KYLO REN,168
439,2,KYLO REN,29
277,3,MAZ,109
341,2,GENERAL STATURA,30
341,0,GENERAL STATURA,3
341,0,REY,12
341,0,KYLO REN,3
341,2,KYLO REN,75
333,5,LEIA,235
341,2,REY,93
215,2,HAN,236
215,2,REY,58
140,5,FINN,199
140,5,REY,132
277,4,MAZ,227
94,0,REY,2211
95,3,FINN,161
318,4,LEIA,85
380,5,FINN,164
140,1,FINN,208
140,1,REY,97
90,3,FINN,343
90,3,REY,59
91,3,REY,61
340,0,LEIA,503
387,3,LEIA,79
387,3,HAN,131
382,4,HAN,769
334,1,LEIA,256
210,2,HAN,104
455,5,REY,51
455,5,COLONEL DATOO,104
76,5,GENERAL HUX,32
76,5,FINN,326
256,3,FINN,112
132,0,REY,64
326,1,LEIA,451
274,1,REY,133
274,1,FINN,407
243,0,HAN,542
303,3,KYLO REN,16
304,3,KYLO REN,96
262,3,FINN,492
273,0,FINN,849
193,4,HAN,218
461,2,C-3PO,95
331,1,HAN,162
201,0,SNOKE,4
201,0,GENERAL HUX,131
202,3,SNOKE,98
288,1,GENERAL HUX,537
288,2,GENERAL HUX,592
16,5,LOR SAN TEKKA,60
157,3,REY,429
30,4,KYLO REN,67
291,3,HAN,59
310,2,HAN,77
361,1,SNOKE,201
362,1,SNOKE,91
351,5,KYLO REN,33
29,5,REY,41
212,1,HAN,47
212,1,FINN,28
386,1,LEIA,74
386,1,HAN,286
441,2,KYLO REN,1116
18,2,KYLO REN,60
465,1,REY,567
465,2,REY,471
226,4,FINN,283
269,5,FINN,423
264,1,REY,536
309,1,C-3PO,29
309,1,HAN,11
310,1,HAN,52
310,2,LEIA,11
64,2,POE,241
335,2,LEIA,190
424,3,REY,775
268,5,FINN,110
268,5,REY,135
345,4,KYLO REN,141
345,4,REY,104
16,3,KYLO REN,2065
264,3,REY,196
265,3,REY,249
315,3,POE,247
315,0,POE,1175
316,0,POE,371
126,4,REY,908
380,3,FINN,641
380,3,HAN,344
382,4,POE,28
322,1,LEIA,727
189,0,HAN,833
65,1,POE,201
121,4,LIEUTENANT MITAKA,38
205,3,KYLO REN,264
201,1,GENERAL HUX,120
202,1,SNOKE,165
240,2,HAN,77
181,1,HAN,113
280,1,MAZ,176
396,2,FINN,111
397,2,FINN,78
397,2,HAN,345
15,4,LOR SAN TEKKA,33
41,3,STORMTROOPER,969
29,2,REY,349
11,3,POE,38
357,2,SNOKE,243
386,4,HAN,388
274,0,REY,81
274,0,FINN,252
465,3,REY,274
458,1,SNOKE,259
261,3,FINN,540
347,1,KYLO REN,162
395,2,KYLO REN,285
2,3,Intro Text,78
29,4,KYLO REN,41
116,1,REY,77
357,0,SNOKE,844
267,0,REY,742
69,2,FINN,480
86,0,REY,411
11,4,POE,38
282,4,MAZ,66
352,3,KYLO REN,302
46,4,POE,33
440,4,HAN,103
340,2,LEIA,297
341,2,LEIA,41
211,5,HAN,62
327,0,LEIA,40
327,0,HAN,5
327,1,HAN,35
160,2,HAN,117
267,4,REY,1192
267,4,FINN,183
406,3,FINN,504
177,2,HAN,29
302,5,KYLO REN,28
251,1,MAZ,28
252,1,MAZ,15
313,2,POE,103
89,3,FINN,271
89,3,REY,46
82,2,KYLO REN,228
47,4,POE,397
250,4,MAZ,26
397,3,HAN,255
382,3,HAN,760
87,3,FINN,78
194,2,HAN,5
195,2,HAN,9
409,0,FINN,144
224,0,REY,638
448,3,JESS,243
60,4,GENERAL HUX,26
60,4,LIEUTENANT MITAKA,51
236,1,HAN,9
272,5,FINN,104
433,5,HAN,291
293,1,REY,149
425,3,REY,48
190,0,REY,183
190,0,HAN,26
306,2,HAN,584
294,2,REY,166
109,0,REY,31
319,2,LEIA,260
319,2,POE,49
210,3,HAN,122
210,3,REY,7
26,1,REY,129
369,1,POE,48
370,1,POE,246
224,4,REY,783
46,3,FN-2187,165
41,4,FN-2187,8
42,3,FN-2187,82
42,3,POE,21
280,3,MAZ,365
68,3,POE,197
69,3,FINN,132
48,0,POE,89
49,2,POE,27
118,5,FINN,163
118,5,REY,134
224,2,REY,768
224,5,REY,585
25,5,REY,279
88,4,FINN,165
405,2,FINN,128
327,3,LEIA,181
251,0,HAN,43
294,3,HAN,24
104,2,FINN,237
368,2,SNAP,6
369,2,SNAP,31
142,0,REY,14
142,0,FINN,28
142,2,REY,48
86,5,FINN,218
87,5,FINN,245
159,5,FINN,164
256,3,MAZ,161
458,4,SNOKE,120
288,2,REY,397
113,3,REY,186
113,1,REY,127
434,2,KYLO REN,286
266,1,FINN,404
354,1,REY,345
41,4,POE,9
90,5,FINN,85
90,5,REY,40
91,5,REY,46
9,2,LOR SAN TEKKA,141
17,2,KYLO REN,300
272,3,FINN,189
272,1,FINN,378
247,3,BAZINE,23
247,3,KYLO REN,114
16,5,KYLO REN,482
179,0,BALA-TIK,389
226,0,FINN,210
86,3,REY,267
29,1,KYLO REN,265
226,5,FINN,424
31,4,KYLO REN,303
223,3,HAN,26
169,2,HAN,481
33,0,KYLO REN,207
33,0,GENERAL HUX,37
81,0,GENERAL HUX,257
199,0,GENERAL HUX,214
200,0,GENERAL HUX,179
356,0,SNOKE,440
252,4,HAN,340
236,5,REY,456
247,1,BAZINE,3
258,5,FINN,148
259,5,HAN,437
408,5,HAN,18
408,5,CAPTAIN PHASMA,113
10,2,POE,51
10,2,LOR SAN TEKKA,123
398,2,FINN,859
268,4,FINN,42
268,3,FINN,124
189,3,REY,74
144,4,HAN,9
145,4,HAN,14
145,4,REY,43
66,2,FINN,175
107,1,REY,200
107,1,FINN,92
108,1,FINN,48
255,3,MAZ,302
319,0,LEIA,129
319,0,POE,20
255,0,MAZ,264
161,1,HAN,19
162,1,HAN,24
299,1,HAN,3
299,1,POE,1
295,2,MAZ,86
295,3,MAZ,49
201,3,GENERAL HUX,177
68,0,POE,176
69,0,FINN,827
384,1,HAN,469
220,2,HAN,107
339,3,LEIA,33
339,3,HAN,26
237,4,HAN,89
238,4,HAN,82
345,2,KYLO REN,24
345,2,REY,38
290,5,REY,60
290,5,MAZ,27
408,0,HAN,9
408,0,CAPTAIN PHASMA,220
329,2,C-3PO,180
316,3,POE,460
237,2,HAN,129
238,2,HAN,49
95,1,FINN,75
380,0,FINN,414
380,0,HAN,119
432,0,HAN,72
433,0,HAN,80
213,5,REY,89
214,5,REY,13
214,5,HAN,21
34,4,KYLO REN,87
34,4,REY,150
186,4,REY,38
135,1,REY,241
135,5,REY,26
190,1,HAN,36
190,1,REY,65
191,1,REY,160
259,0,HAN,905
22,1,POE,99
118,3,FINN,88
266,2,REY,238
311,4,HAN,70
311,4,FINN,20
427,2,SNAP,8
427,2,JESS,20
428,3,JESS,12
71,1,POE,9
18,0,POE,122
19,0,POE,389
405,3,FINN,121
434,1,KYLO REN,326
329,4,C-3PO,120
171,3,BALA-TIK,13
171,3,REY,19
344,5,KYLO REN,73
345,5,KYLO REN,142
345,5,REY,84
425,3,FINN,493
288,0,GENERAL HUX,284
347,2,KYLO REN,67
59,1,FINN,274
386,3,LEIA,30
386,3,HAN,414
29,3,KYLO REN,386
142,4,FINN,139
304,4,KYLO REN,63
230,1,HAN,334
335,4,LEIA,98
336,4,LEIA,16
155,0,REY,478
210,4,HAN,98
318,5,LEIA,619
226,2,FINN,190
338,4,HAN,27
229,0,HAN,694
92,2,REY,410
314,3,FINN,491
193,1,HAN,346
334,3,HAN,345
445,4,FINN,23
419,1,FINN,182
398,5,FINN,334
144,5,FINN,6
144,5,REY,16
144,5,HAN,2
237,5,HAN,59
238,5,HAN,51
289,4,REY,234
315,3,FINN,49
458,2,SNOKE,129
458,2,REY,36
426,4,REY,821
168,0,HAN,36
324,4,C-3PO,13
168,1,HAN,39
362,1,TROOPER GUARD #2,205
363,1,TROOPER GUARD #2,297
403,4,CAPTAIN PHASMA,1
403,4,FINN,78
270,3,FINN,42
435,5,HAN,340
362,0,REY,213
362,0,TROOPER GUARD #2,197
363,0,TROOPER GUARD #2,298
388,0,HAN,107
294,5,REY,46
294,5,HAN,55
398,0,FINN,232
186,5,REY,106
186,5,FINN,41
355,2,SNOKE,12
360,1,KYLO REN,62
360,0,KYLO REN,300
361,1,KYLO REN,20
126,5,REY,481
34,2,KYLO REN,125
215,1,HAN,129
1,5,Intro Text,160
382,3,POE,35
229,2,HAN,1176
157,2,REY,318
65,1,FINN,564
92,1,REY,713
59,3,POE,100
59,3,FINN,329
2,2,Intro Text,42
347,3,KYLO REN,93
294,2,HAN,55
313,3,FINN,176
169,5,HAN,296
304,1,KYLO REN,60
304,0,KYLO REN,347
288,5,REY,16
289,5,REY,108
306,5,HAN,630
46,5,FN-2187,164
47,5,POE,301
435,5,KYLO REN,208
436,5,KYLO REN,160
454,1,KYLO REN,450
45,3,POE,200
353,1,REY,480
400,3,FINN,66
400,3,HAN,20
400,4,HAN,16
59,5,FINN,43
85,3,FINN,173
385,1,FINN,49
128,3,FINN,854
91,3,FINN,257
17,4,LOR SAN TEKKA,111
18,4,LOR SAN TEKKA,57
302,2,KYLO REN,35
229,4,HAN,498
386,5,HAN,435
181,3,BALA-TIK,7
181,3,HAN,43
260,3,MAZ,94
260,3,FINN,49
217,2,HAN,114
217,2,FINN,729
217,3,FINN,791
203,2,KYLO REN,41
204,2,KYLO REN,128
204,2,SNOKE,194
315,4,FINN,21
313,1,POE,112
34,2,REY,81
335,5,LEIA,383
362,3,REY,274
306,0,HAN,262
1,4,Intro Text,282
77,4,GENERAL HUX,6
400,1,HAN,461
169,4,HAN,481
6,3,LOR SAN TEKKA,117
95,2,FINN,85
381,1,FINN,328
210,4,REY,11
135,3,REY,210
440,3,KYLO REN,211
78,3,KYLO REN,35
78,3,GENERAL HUX,164
7,2,LOR SAN TEKKA,381
7,2,POE,56
22,0,CAPTAIN PHASMA,61
42,2,FN-2187,84
43,0,FN-2187,112
43,1,POE,374
44,3,FN-2187,238
158,0,FINN,276
67,1,POE,195
314,1,POE,70
314,2,POE,31
147,3,HAN,22
242,2,HAN,99
19,4,KYLO REN,143
138,0,REY,137
186,4,FINN,7
306,2,FINN,43
327,1,LEIA,203
301,1,KYLO REN,367
302,1,KYLO REN,400
217,3,HAN,190
175,4,BALA-TIK,98
175,4,HAN,88
44,2,POE,119
255,2,MAZ,361
6,1,LOR SAN TEKKA,141
384,2,HAN,191
381,4,HAN,21
32,1,POE,70
384,3,HAN,65
383,2,POE,37
32,2,KYLO REN,36
32,0,KYLO REN,11
15,1,LOR SAN TEKKA,67
88,3,FINN,183
88,1,FINN,137
17,3,KYLO REN,290
314,5,FINN,191
399,1,FINN,210
87,0,FINN,246
87,1,FINN,384
55,3,POE,223
316,4,FINN,25
261,0,FINN,643
262,0,FINN,463
424,4,REY,73
215,0,HAN,102
215,0,REY,23
215,3,REY,79
387,2,LEIA,82
408,2,CAPTAIN PHASMA,236
329,1,C-3PO,251
329,0,C-3PO,294
160,4,HAN,29
65,3,POE,146
396,4,FINN,46
397,4,FINN,32
397,4,HAN,84
261,4,FINN,401
262,4,FINN,276
231,3,HAN,325
427,1,REY,11
381,0,FINN,286
113,0,REY,50
114,2,FINN,1
86,3,FINN,53
313,5,FINN,32
249,2,KYLO REN,195
230,3,HAN,245
171,4,REY,28
381,2,HAN,30
205,3,SNOKE,15
388,1,LEIA,52
388,1,HAN,27
99,4,FINN,12
99,4,REY,24
11,0,POE,186
13,1,POE,510
15,2,LOR SAN TEKKA,49
18,1,LOR SAN TEKKA,195
19,0,KYLO REN,245
112,0,FINN,186
112,1,FINN,66
138,3,REY,141
324,2,C-3PO,114
333,3,HAN,115
333,3,LEIA,459
331,4,HAN,24
332,4,HAN,176
161,5,HAN,25
230,2,REY,17
231,2,REY,5
84,3,REY,17
84,3,FINN,31
155,5,REY,633
251,4,HAN,41
317,3,POE,112
118,4,FINN,388
157,1,REY,162
293,1,STORMTROOPER #4,30
43,5,POE,6
98,1,REY,51
172,4,BALA-TIK,44
172,4,HAN,73
71,4,FINN,36
381,2,FINN,442
185,2,REY,84
186,2,REY,87
267,0,FINN,87
45,3,FN-2187,15
418,2,FINN,38
45,0,POE,184
45,2,FN-2187,99
334,4,HAN,447
255,1,MAZ,300
38,4,UNKAR,59
38,4,REY,21
179,1,BALA-TIK,309
438,2,HAN,294
19,2,KYLO REN,185
19,2,POE,287
322,5,FINN,30
28,3,REY,83
245,3,HAN,93
245,3,MAZ,152
334,2,LEIA,199
220,5,HAN,12
426,3,FINN,206
8,3,POE,227
337,4,HAN,87
76,2,FINN,168
76,0,FINN,127
186,0,REY,21
424,2,FINN,240
381,4,FINN,395
55,1,POE,475
56,1,POE,213
340,5,LEIA,96
283,2,REY,17
222,2,HAN,291
226,3,FINN,182
395,5,KYLO REN,33
396,5,KYLO REN,5
92,3,REY,162
293,0,STORMTROOPER #4,44
293,2,STORMTROOPER #4,21
25,2,REY,44
26,2,REY,116
293,0,REY,106
225,2,FINN,520
376,5,ADMIRAL STATURA,42
374,2,HAN,8
375,2,HAN,278
208,3,HAN,111
52,3,POE,247
335,3,LEIA,206
335,1,LEIA,182
439,1,KYLO REN,23
406,3,CAPTAIN PHASMA,34
203,4,SNOKE,53
465,3,C-3PO,9
226,1,FINN,194
55,0,FN-2187,270
55,0,POE,203
54,3,POE,41
189,0,REY,39
186,3,REY,146
271,5,FINN,165
356,3,SNOKE,91
357,3,SNOKE,97
173,1,BALA-TIK,12
174,1,BALA-TIK,47
41,3,FN-2187,35
447,4,FINN,18
91,0,FINN,228
64,3,POE,354
60,1,LIEUTENANT MITAKA,52
61,1,LIEUTENANT MITAKA,9
61,0,LIEUTENANT MITAKA,115
61,2,GENERAL HUX,36
61,0,GENERAL HUX,39
62,0,GENERAL HUX,245
63,1,KYLO REN,21
375,1,HAN,119
395,4,KYLO REN,51
425,0,FINN,161
217,0,FINN,696
18,2,POE,31
18,1,POE,25
19,1,POE,217
15,3,KYLO REN,46
443,1,FINN,8
14,5,LOR SAN TEKKA,114
14,5,KYLO REN,191
188,0,HAN,80
108,2,REY,31
417,0,POE,319
248,3,KYLO REN,146
249,3,KYLO REN,146
158,2,FINN,27
306,1,HAN,448
91,0,REY,112
170,1,HAN,152
266,1,REY,651
229,0,REY,238
46,2,POE,17
46,2,FN-2187,188
386,2,LEIA,66
386,2,HAN,412
457,0,SNOKE,243
458,0,SNOKE,469
428,2,HAN,22
429,2,HAN,34
221,4,HAN,247
453,1,POE,3
453,1,NIV LEK,5
453,2,NIV LEK,49
385,5,HAN,26
385,5,FINN,50
180,5,BALA-TIK,8
360,4,KYLO REN,115
361,4,KYLO REN,49
303,0,KYLO REN,134
333,1,HAN,164
333,1,LEIA,217
320,2,POE,124
17,0,KYLO REN,388
200,4,GENERAL HUX,27
355,3,KYLO REN,233
45,2,POE,195
171,4,FINN,13
171,4,BALA-TIK,10
249,4,KYLO REN,95
19,1,KYLO REN,236
56,3,POE,112
56,3,FN-2187,74
134,4,REY,30
185,4,REY,28
35,3,REY,89
36,3,REY,72
407,4,FINN,88
355,5,KYLO REN,247
346,1,KYLO REN,45
290,0,REY,87
219,3,HAN,50
302,4,KYLO REN,138
323,2,LEIA,23
323,2,DR. KALONIA,29
297,4,FINN,1
297,4,STORMTROOPER,5
117,5,REY,781
44,4,FN-2187,208
44,4,POE,107
274,1,YOUNG GIRL,17
313,4,FINN,41
314,4,FINN,341
96,1,REY,75
96,2,REY,31
131,4,FINN,57
167,3,HAN,45
369,4,MAJOR EMATT,3
369,4,POE,7
224,2,FINN,107
224,0,FINN,37
225,0,FINN,225
63,0,KYLO REN,123
222,3,HAN,422
311,0,HAN,71
277,5,MAZ,178
103,2,FINN,39
103,1,FINN,114
104,1,FINN,310
306,4,HAN,360
73,1,GENERAL HUX,19
392,5,HAN,19
392,5,FINN,24
422,4,FINN,104
73,0,CAPTAIN PHASMA,32
73,2,GENERAL HUX,2
404,4,FINN,620
341,3,GENERAL STATURA,29
341,3,REY,36
341,3,KYLO REN,14
2,0,Intro Text,139
111,4,FINN,111
10,3,POE,45
10,3,LOR SAN TEKKA,124
267,1,FINN,161
340,3,LEIA,388
341,3,LEIA,42
217,0,HAN,69
362,5,REY,17
317,5,LEIA,268
7,4,POE,44
75,5,TECHNICIAN #1,126
75,5,GENERAL HUX,189
210,2,REY,3
422,5,FINN,59
445,3,FINN,22
445,3,KYLO REN,37
52,2,POE,214
53,2,POE,155
419,2,FINN,155
82,5,KYLO REN,95
404,5,FINN,500
56,4,FN-2187,149
419,3,FINN,417
111,3,FINN,260
58,3,POE,110
252,1,HAN,451
259,0,MAZ,352
260,0,MAZ,849
277,1,MAZ,74
277,0,MAZ,204
408,2,HAN,19
31,0,POE,28
260,0,FINN,33
307,0,C-3PO,93
308,0,C-3PO,43
29,4,REY,130
291,0,HAN,474
333,2,LEIA,306
311,3,FINN,21
445,1,KYLO REN,51
446,1,REY,24
265,3,FINN,38
265,3,HAN,16
316,2,FINN,286
89,5,FINN,38
89,5,REY,26
19,4,POE,147
172,3,BALA-TIK,23
172,3,HAN,142
186,2,FINN,11
252,2,MAZ,10
191,4,HAN,54
403,5,CAPTAIN PHASMA,8
403,5,FINN,58
327,5,C-3PO,65
327,1,C-3PO,61
328,1,HAN,264
378,1,MAJOR EMATT,4
378,1,POE,10
381,3,HAN,47
335,0,LEIA,158
323,5,LEIA,31
183,1,REY,58
184,1,FINN,86
184,2,FINN,13
245,4,HAN,129
245,4,MAZ,232
45,0,FN-2187,214
237,1,REY,56
304,0,FINN,34
325,1,LEIA,472
201,4,GENERAL HUX,736
202,4,SNOKE,190
128,5,FINN,150
417,1,POE,159
259,2,MAZ,67
245,2,HAN,33
245,2,MAZ,51
51,3,POE,32
51,1,POE,33
52,1,POE,160
326,0,LEIA,209
369,1,SNAP,40
284,1,GENERAL HUX,176
284,2,GENERAL HUX,53
288,4,REY,32
245,5,MAZ,714
283,5,GENERAL HUX,116
55,4,POE,336
56,4,POE,211
321,4,LEIA,49
321,4,FINN,87
42,1,FN-2187,59
169,0,HAN,307
70,1,POE,112
400,0,HAN,300
336,3,HAN,149
154,0,HAN,123
158,1,REY,234
158,1,FINN,72
149,0,REY,106
150,0,REY,104
150,2,REY,2
325,1,C-3PO,194
201,4,SNOKE,4
172,2,BALA-TIK,29
51,4,POE,39
307,3,C-3PO,17
308,3,C-3PO,15
428,1,JESS,7
418,1,FINN,49
129,0,FINN,48
252,5,HAN,138
92,0,REY,499
433,4,HAN,234
88,0,FINN,102
126,2,REY,259
159,1,HAN,239
252,1,FINN,13
253,1,FINN,5
29,1,REY,357
320,1,POE,92
318,0,LEIA,85
318,1,LEIA,48
318,0,FINN,15
319,0,FINN,68
320,0,POE,241
320,1,LEIA,28
320,0,LEIA,30
321,0,LEIA,69
321,0,FINN,59
323,0,LEIA,23
367,1,STARKILLER TECHNICIAN,4
367,1,POE,29
368,1,SNAP,19
368,0,SNAP,43
369,0,SNAP,109
369,1,MAJOR EMATT,18
369,2,MAJOR EMATT,29
369,0,POE,12
370,0,POE,52
371,0,ADMIRAL ACKBAR,106
371,1,ADMIRAL ACKBAR,57
373,1,LEIA,12
373,0,LEIA,54
374,0,HAN,69
375,0,HAN,199
375,2,LEIA,43
375,0,ADMIRAL STATURA,41
376,0,ADMIRAL STATURA,29
376,1,ADMIRAL STATURA,13
377,0,ADMIRAL STATURA,68
377,1,ADMIRAL STATURA,9
378,0,POE,52
379,0,ADMIRAL ACKBAR,50
379,1,ADMIRAL ACKBAR,3
379,1,HAN,14
382,0,HAN,283
382,0,POE,32
383,0,POE,95
411,2,ADMIRAL STATURA,6
411,0,REAR ADMIRAL GULCH,20
412,0,REAR ADMIRAL GULCH,30
412,3,POE,17
412,0,POE,73
412,1,POE,9
413,0,POE,43
413,1,POE,17
414,0,POE,43
414,1,POE,20
415,1,POE,26
418,0,POE,5
428,1,SNAP,6
340,1,LEIA,609
341,1,LEIA,48
449,1,YOLO ZIFF,3
449,0,YOLO ZIFF,99
450,0,YOLO ZIFF,14
450,1,ELLO ASTY,1
450,0,POE,18
451,0,POE,43
330,0,C-3PO,122
325,0,C-3PO,125
325,0,LEIA,165
239,1,REY,19
239,1,HAN,106
101,2,FINN,28
101,2,REY,10
316,2,POE,118
433,2,HAN,118
186,3,FINN,26
187,3,REY,4
187,3,HAN,2
305,5,FINN,28
306,5,FINN,32
247,0,BAZINE,4
249,1,MAZ,9
338,0,HAN,20
320,3,POE,42
247,4,BAZINE,18
247,4,KYLO REN,151
32,3,POE,45
257,4,FINN,46
55,3,FN-2187,180
81,1,KYLO REN,10
41,3,POE,47
200,2,GENERAL HUX,31
448,5,JESS,56
362,2,TROOPER GUARD #2,361
363,2,TROOPER GUARD #2,446
380,5,HAN,164
97,0,FINN,40
99,0,FINN,38
100,1,REY,4
101,1,REY,12
119,1,REY,1
126,0,REY,90
126,0,FINN,79
127,0,FINN,179
129,1,FINN,20
157,0,REY,175
130,0,FINN,19
132,3,REY,55
132,3,FINN,22
277,0,REY,128
136,0,FINN,1
137,0,FINN,50
137,1,FINN,52
137,2,FINN,14
138,0,FINN,128
139,1,REY,37
254,2,MAZ,114
141,0,REY,24
203,3,SNOKE,80
152,1,FINN,15
153,0,FINN,39
153,1,FINN,6
149,0,HAN,16
150,1,HAN,33
150,2,HAN,14
150,0,HAN,74
151,0,HAN,94
89,1,REY,182
160,0,FINN,41
161,2,HAN,28
162,2,HAN,7
165,1,HAN,60
37,4,UNKAR,17
168,0,FINN,30
166,0,HAN,50
181,0,REY,11
182,0,REY,65
182,0,FINN,12
183,0,FINN,2
183,3,REY,8
183,0,REY,56
185,0,REY,74
186,0,FINN,30
188,1,HAN,24
97,2,FINN,3
98,2,FINN,102
224,5,FINN,10
225,5,FINN,62
46,3,POE,39
322,2,LEIA,142
140,0,FINN,82
140,0,REY,8
141,3,REY,3
141,5,REY,9
94,5,REY,218
425,5,REY,11
344,4,REY,53
71,3,FINN,102
409,1,FINN,216
200,5,GENERAL HUX,55
463,2,POE,61
135,0,REY,775
265,0,REY,285
93,1,REY,60
14,0,KYLO REN,210
465,4,REY,137
95,3,REY,30
343,5,KYLO REN,76
256,1,MAZ,255
344,5,REY,27
243,2,HAN,237
269,2,FINN,160
104,5,FINN,100
104,5,REY,15
441,2,HAN,60
381,5,FINN,95
89,0,FINN,127
90,0,FINN,315
344,1,REY,107
341,5,LEIA,6
385,1,LEIA,39
222,4,HAN,78
315,2,FINN,32
142,2,FINN,85
256,5,MAZ,11
256,5,FINN,15
59,4,FINN,75
430,0,KAYDEL KO CONNIX,42
51,0,POE,82
52,0,POE,178
16,4,LOR SAN TEKKA,87
191,3,REY,51
336,1,HAN,260
405,0,FINN,284
245,5,HAN,248
363,2,REY,49
364,2,TROOPER GUARD #2,4
301,4,KYLO REN,12
414,4,GENERAL HUX,1
414,4,COLONEL DATOO,4
414,4,POE,1
140,2,REY,78
78,2,KYLO REN,35
78,2,GENERAL HUX,155
307,4,C-3PO,18
200,1,GENERAL HUX,80
218,4,HAN,12
219,4,HAN,42
235,5,HAN,225
216,2,HAN,25
216,1,HAN,74
333,4,LEIA,283
317,1,POE,218
205,4,KYLO REN,110
205,4,SNOKE,12
201,5,SNOKE,64
206,2,REY,34
206,3,HAN,5
19,3,POE,152
386,5,LEIA,43
180,2,BALA-TIK,96
325,4,LEIA,228
419,0,HAN,58
67,4,POE,47
315,2,POE,264
91,2,REY,68
330,2,C-3PO,68
202,2,KYLO REN,32
243,3,HAN,126
65,3,FINN,160
350,2,KYLO REN,124
106,1,REY,31
192,0,REY,109
253,4,FINN,19
253,4,REY,3
331,2,C-3PO,65
331,2,HAN,63
113,4,FINN,336
124,1,FINN,32
429,5,HAN,48
155,3,REY,453
2,1,Intro Text,69
294,0,REY,56
294,0,HAN,26
295,0,HAN,5
171,2,REY,37
446,5,KYLO REN,9
446,5,FINN,21
173,3,BALA-TIK,15
174,3,BALA-TIK,15
96,0,REY,253
72,1,FINN,102
44,3,POE,129
60,2,POE,21
232,0,HAN,66
232,2,REY,33
154,5,HAN,12
310,5,HAN,28
311,5,HAN,41
189,1,HAN,131
43,2,POE,168
85,0,FINN,75
382,1,LEIA,21
19,3,KYLO REN,132
8,5,POE,57
4,0,Intro Text,142
5,0,Intro Text,73
286,5,GENERAL HUX,18
287,5,GENERAL HUX,43
93,1,FINN,57
93,0,FINN,183
36,1,REY,49
376,4,ADMIRAL STATURA,30
254,5,MAZ,27
255,5,MAZ,58
251,2,HAN,81
287,4,GENERAL HUX,20
126,1,FINN,48
232,4,HAN,35
236,3,REY,690
183,3,HAN,178
292,3,MAZ,6
427,3,JESS,47
19,5,KYLO REN,54
19,5,POE,61
33,3,KYLO REN,61
202,2,SNOKE,222
12,4,POE,122
227,3,HAN,2
144,3,HAN,351
145,3,HAN,13
145,3,REY,25
70,0,POE,41
18,5,LOR SAN TEKKA,12
18,5,KYLO REN,29
263,1,MAZ,56
253,2,MAZ,57
158,2,REY,33
339,2,LEIA,17
339,2,HAN,7
359,5,GENERAL HUX,63
359,5,SNOKE,15
32,5,POE,74
86,0,FINN,27
402,3,HAN,80
278,0,MAZ,184
278,3,MAZ,22
47,2,POE,174
257,5,FINN,45
100,4,FINN,18
100,4,REY,6
113,5,FINN,155
76,1,FINN,44
186,1,FINN,11
186,1,REY,30
60,3,GENERAL HUX,6
60,3,LIEUTENANT MITAKA,6
176,2,HAN,70
280,5,MAZ,233
275,3,UNKAR PLUTT,3
275,3,REY,103
53,1,POE,175
56,0,POE,97
62,3,GENERAL HUX,37
405,3,CAPTAIN PHASMA,5
358,4,SNOKE,39
358,4,GENERAL HUX,6
215,4,HAN,41
99,1,REY,89
116,0,REY,35
155,2,REY,432
13,0,KYLO REN,74
295,3,FINN,23
370,3,POE,74
126,1,REY,439
56,2,POE,17
86,2,REY,123
86,1,REY,36
86,1,FINN,43
90,0,REY,33
97,1,FINN,12
156,1,HAN,20
156,1,REY,2
159,0,FINN,50
152,2,HAN,140
152,2,FINN,37
281,2,MAZ,162
360,5,KYLO REN,86
213,1,HAN,8
241,1,FINN,33
365,1,TROOPER GUARD #2,105
366,0,REY,65
366,1,TROOPER GUARD #2,67
429,0,HAN,50
429,1,HAN,32
167,0,FINN,2
279,2,MAZ,66
45,4,FN-2187,7
254,0,MAZ,240
132,2,FINN,27
133,2,FINN,12
133,2,REY,36
402,2,HAN,161
388,3,LEIA,8
388,3,HAN,10
465,2,C-3PO,42
179,2,BALA-TIK,222
190,3,REY,38
190,2,REY,113
248,4,KYLO REN,201
221,5,HAN,129
96,3,REY,17
111,0,FINN,44
111,2,FINN,240
215,3,HAN,121
381,1,HAN,30
10,0,POE,70
10,0,LOR SAN TEKKA,139
231,3,REY,21
196,5,BALA-TIK,77
336,3,LEIA,37
426,0,REY,169
213,1,REY,105
214,1,REY,10
242,3,HAN,67
297,3,FINN,2
297,3,STORMTROOPER,5
432,2,HAN,56
149,1,REY,25
281,4,MAZ,112
319,5,LEIA,42
319,5,POE,6
337,2,HAN,153
59,5,POE,77
379,3,POE,2
379,3,ADMIRAL ACKBAR,2
264,4,FINN,11
206,1,SNOKE,6
118,0,REY,101
205,1,KYLO REN,135
348,3,KYLO REN,274
278,5,MAZ,28
346,3,KYLO REN,61
256,4,MAZ,153
256,4,FINN,39
355,4,KYLO REN,334
383,3,POE,39
336,2,LEIA,21
313,3,POE,17
444,4,REY,5
444,4,ADMIRAL ACKBAR,3
41,0,POE,19
175,3,BALA-TIK,33
175,3,HAN,50
55,1,FN-2187,137
315,5,POE,57
116,5,FINN,18
116,5,REY,22
420,0,FINN,58
193,2,HAN,260
116,4,REY,18
106,2,REY,37
15,0,KYLO REN,149
115,4,FINN,18
115,4,REY,8
39,0,REY,18
83,0,REY,53
83,3,FINN,6
119,0,LIEUTENANT MITAKA,101
120,0,LIEUTENANT MITAKA,123
120,0,KYLO REN,27
120,1,LIEUTENANT MITAKA,6
121,0,LIEUTENANT MITAKA,131
122,0,LIEUTENANT MITAKA,101
122,2,KYLO REN,4
371,0,HAN,8
419,5,FINN,86
283,4,GENERAL HUX,130
166,1,HAN,60
46,1,POE,16
321,2,FINN,65
172,5,BALA-TIK,36
172,5,HAN,45
64,4,POE,262
328,5,HAN,91
384,0,HAN,117
352,5,KYLO REN,121
398,1,HAN,85
392,3,HAN,40
191,4,REY,46
168,1,REY,279
151,4,HAN,8
151,4,REY,52
359,0,SNOKE,127
360,0,SNOKE,335
149,4,REY,9
150,4,REY,5
309,4,C-3PO,99
279,4,MAZ,25
290,2,REY,162
103,3,FINN,70
294,1,REY,170
296,5,HAN,48
329,3,C-3PO,344
131,3,FINN,363
201,2,SNOKE,11
201,2,GENERAL HUX,133
210,0,HAN,271
302,3,KYLO REN,98
369,2,POE,7
370,2,POE,36
370,5,POE,35
119,5,LIEUTENANT MITAKA,67
120,5,LIEUTENANT MITAKA,59
211,3,HAN,384
181,2,HAN,56
87,4,FINN,72
404,1,FINN,41
404,1,HAN,15
43,1,FN-2187,59
240,5,HAN,53
100,0,REY,4
101,0,REY,20
101,1,FINN,14
102,2,FINN,28
102,2,REY,28
211,1,HAN,156
31,1,POE,5
32,3,KYLO REN,17
241,0,HAN,107
218,0,HAN,137
218,2,HAN,43
242,4,HAN,27
189,3,HAN,384
357,1,SNOKE,403
211,4,HAN,166
98,4,REY,13
98,3,REY,55
240,3,HAN,72
241,3,HAN,43
257,1,FINN,163
100,3,REY,20
100,3,FINN,54
129,5,FINN,19
445,2,FINN,10
445,2,KYLO REN,29
382,2,POE,26
417,2,POE,153
176,1,TASU LEECH,13
375,4,LEIA,12
398,5,HAN,17
399,5,HAN,1
207,0,HAN,14
207,0,FINN,59
68,5,POE,149
35,0,REY,99
35,1,REY,41
402,4,FINN,24
66,0,FINN,235
339,5,LEIA,16
366,2,REY,28
366,1,REY,102
88,5,FINN,104
418,3,FINN,44
375,3,HAN,247
375,3,LEIA,25
192,3,REY,32
325,4,C-3PO,139
441,4,KYLO REN,216
263,2,MAZ,87
330,3,C-3PO,84
78,1,GENERAL HUX,243
78,0,GENERAL HUX,153
83,1,REY,30
83,2,FINN,3
47,3,POE,112
280,0,MAZ,391
438,5,KYLO REN,60
291,2,MAZ,35
254,4,MAZ,33
255,4,MAZ,71
420,2,FINN,48
20,0,POE,79
31,3,POE,25
11,1,POE,79
243,4,HAN,82
437,3,KYLO REN,73
437,3,HAN,62
408,4,HAN,6
408,4,CAPTAIN PHASMA,106
418,0,FINN,75
419,0,FINN,126
171,2,BALA-TIK,15
217,1,FINN,495
175,2,BALA-TIK,16
175,2,HAN,21
171,5,FINN,17
171,5,BALA-TIK,23
132,1,FINN,29
133,1,FINN,20
133,1,REY,46
160,3,HAN,25
405,4,FINN,61
444,5,REY,160
444,5,ADMIRAL ACKBAR,87
274,2,REY,70
212,4,HAN,26
213,4,HAN,1
219,0,HAN,160
71,0,POE,103
274,0,YOUNG GIRL,5
274,5,YOUNG GIRL,19
72,0,FINN,248
0,2,Intro Text,35
230,1,REY,22
360,4,SNOKE,23
360,3,KYLO REN,192
108,3,REY,25
142,4,REY,78
82,3,KYLO REN,153
363,1,REY,25
224,4,FINN,32
225,4,FINN,174
276,4,REY,207
3,1,Intro Text,18
4,3,Intro Text,42
11,2,POE,23
22,1,CAPTAIN PHASMA,14
23,1,CAPTAIN PHASMA,37
24,1,CAPTAIN PHASMA,5
451,4,POE,18
462,3,C-3PO,25
462,4,C-3PO,11
7,5,POE,52
282,0,REY,570
151,2,HAN,28
151,2,REY,27
47,0,POE,236
2,5,Intro Text,35
3,5,Intro Text,14
60,5,LIEUTENANT MITAKA,44
61,5,LIEUTENANT MITAKA,17
432,1,HAN,58
421,5,FINN,15
291,1,MAZ,41
407,4,HAN,11
106,3,REY,9
46,1,FN-2187,84
171,1,BALA-TIK,18
171,1,REY,80
190,2,HAN,37
164,3,FINN,55
93,5,FINN,29
176,5,BALA-TIK,12
176,5,HAN,26
282,2,MAZ,18
464,0,C-3PO,54
465,0,C-3PO,25
47,1,POE,205
286,3,GENERAL HUX,74
98,4,FINN,83
213,0,REY,112
214,0,REY,12
112,3,FINN,63
65,4,POE,165
66,4,POE,5
212,3,HAN,30
238,2,FINN,83
265,4,HAN,27
423,2,HAN,113
183,4,HAN,75
258,0,FINN,224
134,2,REY,11
163,2,FINN,10
163,2,REY,4
163,2,HAN,1
37,3,REY,9
37,3,UNKAR,9
38,3,UNKAR,50
76,4,FINN,48
116,2,REY,68
116,2,FINN,27
292,4,MAZ,24
277,4,REY,47
327,5,LEIA,33
33,2,KYLO REN,36
13,5,POE,2
246,1,MAZ,48
43,5,FN-2187,7
36,4,REY,48
64,0,POE,146
55,4,FN-2187,54
159,3,FINN,41
427,4,REY,13
167,2,HAN,86
86,4,FINN,62
160,1,FINN,13
99,2,FINN,51
99,2,REY,101
274,4,YOUNG GIRL,5
300,2,POE,12
301,2,POE,3
421,3,FINN,189
28,2,REY,86
359,1,SNOKE,65
360,1,SNOKE,335
427,2,REY,6
345,1,REY,28
351,2,KYLO REN,52
55,2,FN-2187,102
55,2,POE,46
124,3,FINN,13
103,0,FINN,87
104,0,FINN,241
466,2,LEIA,74
236,0,REY,300
70,2,POE,41
90,2,REY,60
152,0,FINN,22
91,5,FINN,91
371,1,HAN,15
254,1,MAZ,96
398,0,HAN,233
330,1,C-3PO,85
50,5,POE,6
50,5,STAR DESTROYER TECHNICIAN,13
176,4,HAN,57
176,4,TASU LEECH,6
110,5,FINN,195
0,4,Intro Text,9
0,5,Intro Text,14
405,0,CAPTAIN PHASMA,10
406,0,CAPTAIN PHASMA,22
355,3,SNOKE,5
227,1,FINN,34
396,3,FINN,79
15,5,KYLO REN,49
85,2,FINN,58
152,1,HAN,125
398,4,HAN,69
122,5,LIEUTENANT MITAKA,11
397,0,HAN,246
363,4,REY,33
416,2,POE,66
416,0,POE,40
167,4,HAN,23
37,0,REY,22
37,0,UNKAR,10
62,1,GENERAL HUX,47
199,1,GENERAL HUX,99
70,5,FINN,37
71,5,FINN,22
135,4,REY,116
99,1,FINN,18
351,5,REY,50
234,3,HAN,123
242,0,HAN,140
327,5,HAN,9
251,3,MAZ,23
252,3,MAZ,13
98,2,REY,20
430,4,KAYDEL KO CONNIX,7
430,2,VOBER DAND,17
307,5,C-3PO,61
15,5,LOR SAN TEKKA,4
214,1,HAN,24
52,2,FN-2187,35
312,5,FINN,15
312,5,POE,5
426,0,FINN,180
35,4,REY,24
172,0,BALA-TIK,31
172,0,HAN,99
166,2,HAN,163
455,4,COLONEL DATOO,30
388,4,LEIA,2
301,3,KYLO REN,16
263,5,MAZ,26
372,4,FINN,24
372,4,LEIA,21
288,3,REY,59
71,2,FINN,57
203,1,SNOKE,49
400,1,FINN,18
260,1,FINN,67
424,1,FINN,185
311,2,FINN,29
311,2,POE,5
160,1,HAN,43
245,0,MAZ,102
264,3,FINN,13
369,4,SNAP,9
15,2,KYLO REN,64
49,1,POE,27
50,1,POE,42
50,1,STAR DESTROYER TECHNICIAN,17
223,1,HAN,71
293,3,STORMTROOPER #4,33
293,3,REY,119
294,4,HAN,87
390,3,STORMTROOPER,5
390,3,KYLO REN,19
304,2,KYLO REN,72
265,0,HAN,2
265,0,MAZ,6
266,0,MAZ,4
107,3,REY,256
133,3,FINN,9
133,3,REY,20
336,4,HAN,26
336,5,HAN,22
337,5,HAN,45
167,5,HAN,8
167,5,FINN,13
168,5,FINN,9
171,2,FINN,7
112,3,REY,3
3,3,Intro Text,40
80,0,GENERAL HUX,45
275,2,REY,121
216,3,HAN,3
191,3,HAN,43
192,3,HAN,7
216,4,HAN,21
177,3,HAN,27
374,3,HAN,33
7,1,LOR SAN TEKKA,258
7,1,POE,53
399,3,FINN,24
159,2,FINN,22
159,0,HAN,137
237,1,HAN,197
238,1,HAN,105
440,5,HAN,126
382,1,POE,13
458,1,REY,20
322,3,LEIA,161
327,4,HAN,21
198,0,GENERAL HUX,118
198,1,GENERAL HUX,73
203,4,KYLO REN,8
204,4,KYLO REN,52
57,5,POE,21
232,2,HAN,102
270,0,FINN,186
240,1,HAN,121
192,0,HAN,12
359,4,GENERAL HUX,30
359,4,SNOKE,6
138,4,FINN,30
139,4,FINN,6
123,1,REY,11
123,1,FINN,172
323,0,C-3PO,106
324,0,C-3PO,50
213,2,REY,54
215,1,REY,28
216,0,HAN,288
217,1,HAN,81
214,3,HAN,2
454,3,KYLO REN,28
203,5,SNOKE,77
282,3,MAZ,41
219,2,HAN,190
219,2,REY,32
304,5,KYLO REN,46
196,5,SNOKE,13
419,2,HAN,103
404,0,FINN,147
161,4,FINN,79
298,5,STORMTROOPER,17
434,0,HAN,27
323,4,C-3PO,3
375,3,ADMIRAL STATURA,10
437,5,HAN,75
438,5,HAN,75
437,4,KYLO REN,76
464,2,C-3PO,163
455,3,KYLO REN,71
409,2,FINN,147
170,5,HAN,42
146,5,HAN,5
147,5,HAN,10
296,4,HAN,80
276,3,MAZ,37
9,2,POE,1
65,4,FINN,45
109,4,FINN,2
109,4,REY,22
455,3,COLONEL DATOO,30
250,1,MAZ,12
321,2,LEIA,23
152,2,REY,9
290,2,MAZ,28
53,4,POE,207
399,0,FINN,55
393,3,HAN,36
394,3,HAN,13
79,2,KYLO REN,12
210,1,HAN,135
207,3,FINN,13
191,2,REY,71
434,4,KYLO REN,19
151,5,HAN,21
151,5,REY,53
265,0,FINN,3
369,3,MAJOR EMATT,9
369,3,POE,16
126,2,FINN,17
200,3,GENERAL HUX,23
180,1,BALA-TIK,126
180,0,BALA-TIK,261
84,0,REY,79
84,1,FINN,47
84,0,FINN,78
85,1,FINN,51
195,1,BALA-TIK,7
195,0,BALA-TIK,24
323,3,C-3PO,19
409,5,FINN,17
204,4,SNOKE,132
220,4,HAN,17
334,0,LEIA,123
460,3,MEDIC,43
421,4,FINN,77
116,1,FINN,34
162,2,REY,3
403,1,FINN,39
236,5,HAN,9
66,1,FINN,138
369,3,SNAP,46
191,5,HAN,31
333,5,HAN,39
30,3,POE,7
400,2,FINN,26
400,2,HAN,32
400,5,HAN,2
304,2,FINN,7
384,5,HAN,62
438,4,HAN,63
170,1,BALA-TIK,68
391,2,FINN,26
59,4,POE,80
4,1,Intro Text,23
4,2,Intro Text,25
386,4,LEIA,32
427,5,SNAP,23
427,5,JESS,39
291,0,MAZ,33
183,5,REY,36
24,0,UNKAR,37
275,1,REY,173
278,2,MAZ,47
237,4,REY,14
307,1,C-3PO,12
152,4,HAN,10
152,4,FINN,2
305,4,FINN,34
402,0,FINN,111
403,3,FINN,56
356,4,SNOKE,27
80,1,KYLO REN,39
133,0,REY,96
168,2,HAN,30
69,1,POE,16
71,0,FINN,65
52,3,FN-2187,24
52,1,FN-2187,24
9,4,LOR SAN TEKKA,78
238,1,FINN,24
197,5,SNOKE,48
65,0,POE,106
65,0,FINN,135
146,0,FINN,72
422,1,ADMIRAL ACKBAR,28
58,1,POE,6
54,4,POE,24
374,4,HAN,17
34,1,REY,83
9,3,LOR SAN TEKKA,89
196,3,BALA-TIK,57
177,2,TASU LEECH,44
426,5,FINN,45
342,4,REY,12
342,4,KYLO REN,8
109,1,REY,42
24,2,CAPTAIN PHASMA,1
24,2,UNKAR,11
264,5,REY,41
246,2,MAZ,58
68,4,POE,107
69,4,FINN,36
70,3,POE,21
279,3,MAZ,48
355,1,SNOKE,6
219,0,REY,6
275,3,MAZ,8
74,4,TECHNICIAN #1,18
194,4,HAN,12
195,4,HAN,73
334,5,LEIA,10
86,4,REY,57
162,3,HAN,23
162,3,REY,12
385,3,HAN,6
385,3,FINN,14
146,4,REY,7
146,4,FINN,20
50,3,FIRST ORDER COLONEL,6
147,2,HAN,32
66,4,FINN,38
35,2,REY,52
286,2,GENERAL HUX,77
458,0,REY,3
22,2,POE,51
22,1,STORMTROOPER #2,3
81,1,GENERAL HUX,10
81,0,KYLO REN,84
63,3,KYLO REN,4
50,2,POE,31
50,2,STAR DESTROYER TECHNICIAN,10
88,2,FINN,284
283,0,REY,38
232,1,REY,3
427,1,HAN,18
158,3,REY,37
179,3,BALA-TIK,32
310,0,HAN,22
259,1,MAZ,69
371,2,HAN,6
371,2,ADMIRAL ACKBAR,27
107,3,FINN,12
108,3,FINN,3
158,0,REY,124
212,0,HAN,48
28,1,REY,66
74,1,TECHNICIAN #1,75
420,4,FINN,21
421,1,FINN,289
37,2,UNKAR,7
38,2,UNKAR,47
38,2,REY,21
392,1,FINN,163
230,4,HAN,164
219,1,HAN,95
251,5,HAN,31
401,2,HAN,8
358,5,SNOKE,32
358,5,GENERAL HUX,5
34,1,KYLO REN,96
104,5,UNKAR,21
105,5,UNKAR,46
46,0,FN-2187,35
339,1,LEIA,31
66,2,POE,9
107,4,REY,75
205,2,KYLO REN,71
264,5,FINN,8
111,1,FINN,201
118,2,FINN,31
18,4,KYLO REN,77
213,3,REY,47
214,3,REY,6
251,0,MAZ,101
141,4,REY,12
308,5,C-3PO,4
237,2,REY,19
109,3,REY,18
184,0,FINN,28
430,2,KAYDEL KO CONNIX,17
347,5,KYLO REN,37
397,3,FINN,57
285,4,GENERAL HUX,34
285,2,GENERAL HUX,2
285,1,GENERAL HUX,22
189,2,HAN,199
190,4,REY,13
278,1,MAZ,44
274,0,UNKAR PLUTT,2
275,0,UNKAR PLUTT,2
432,3,HAN,53
433,3,HAN,117
204,5,KYLO REN,43
439,2,HAN,160
181,2,BALA-TIK,5
181,0,HAN,45
427,3,SNAP,17
416,3,POE,9
113,4,REY,33
452,1,POE,12
452,1,LT. BASTIAN,2
211,2,HAN,187
275,4,REY,80
235,2,REY,34
291,4,HAN,22
291,4,MAZ,2
87,2,FINN,147
108,1,REY,42
7,0,POE,21
317,2,POE,77
293,5,REY,10
280,2,MAZ,241
263,0,MAZ,92
260,4,MAZ,35
260,4,FINN,31
431,0,C-3PO,68
21,2,CAPTAIN PHASMA,6
21,2,KYLO REN,13
50,0,STAR DESTROYER TECHNICIAN,42
61,2,LIEUTENANT MITAKA,10
73,0,GENERAL HUX,41
74,0,TECHNICIAN #1,91
75,1,GENERAL HUX,13
275,5,REY,93
290,1,MAZ,32
177,4,HAN,18
223,2,HAN,88
436,4,HAN,8
316,5,POE,23
322,2,FINN,13
358,0,SNOKE,272
359,0,GENERAL HUX,212
364,0,TROOPER GUARD #2,83
447,0,KYLO REN,136
177,5,HAN,17
178,5,HAN,8
361,3,KYLO REN,20
361,3,SNOKE,53
97,4,REY,6
89,4,FINN,94
66,3,FINN,188
465,4,LEIA,1
266,5,FINN,34
334,4,LEIA,48
67,2,POE,71
13,2,POE,64
152,1,REY,19
338,3,HAN,15
20,1,POE,20
63,0,GENERAL HUX,9
73,1,CAPTAIN PHASMA,37
73,2,TECHNICIAN #1,2
74,2,TECHNICIAN #1,20
74,2,GENERAL HUX,3
75,0,TECHNICIAN #1,45
75,0,GENERAL HUX,144
76,0,GENERAL HUX,16
79,4,KYLO REN,10
431,2,C-3PO,5
432,2,C-3PO,1
215,4,REY,40
397,1,HAN,119
400,0,FINN,14
318,1,FINN,9
319,1,FINN,29
208,4,HAN,32
208,1,HAN,41
418,5,FINN,4
160,3,FINN,4
161,3,FINN,51
185,1,REY,74
327,4,LEIA,64
67,0,POE,138
300,0,POE,67
301,0,POE,5
319,1,LEIA,49
323,1,LEIA,12
449,1,JESS,3
453,0,POE,39
458,0,POE,6
459,0,POE,36
459,2,SNAP,4
203,3,KYLO REN,22
204,3,KYLO REN,109
420,1,FINN,27
427,4,SNAP,29
427,4,JESS,40
132,2,REY,83
196,4,SNOKE,3
326,1,HAN,15
131,5,FINN,19
132,5,REY,6
17,5,LOR SAN TEKKA,47
454,2,KYLO REN,49
365,2,TROOPER GUARD #2,13
240,0,HAN,78
397,5,HAN,52
17,4,KYLO REN,86
208,2,HAN,198
79,4,GENERAL HUX,4
80,4,GENERAL HUX,1
60,4,POE,6
84,1,REY,26
106,2,FINN,17
106,0,FINN,38
133,0,FINN,8
134,0,FINN,23
154,2,HAN,1
148,0,HAN,72
119,4,LIEUTENANT MITAKA,20
120,4,LIEUTENANT MITAKA,15
95,2,REY,27
465,5,LEIA,10
402,2,FINN,65
311,2,HAN,104
177,4,TASU LEECH,15
59,2,POE,168
119,3,LIEUTENANT MITAKA,12
120,3,LIEUTENANT MITAKA,11
404,4,HAN,8
3,0,Intro Text,86
5,1,LOR SAN TEKKA,5
21,0,STORMTROOPER #2,4
22,0,STORMTROOPER #2,2
23,0,CAPTAIN PHASMA,168
23,1,FN-2187,15
24,0,CAPTAIN PHASMA,26
25,1,REY,18
27,0,REY,123
27,3,REY,10
27,1,REY,20
28,0,REY,152
34,0,REY,34
36,0,REY,114
36,0,UNKAR,5
49,0,POE,45
54,1,POE,17
60,0,LIEUTENANT MITAKA,31
63,1,POE,1
64,1,FINN,10
72,0,CAPTAIN PHASMA,25
72,1,CAPTAIN PHASMA,3
101,0,FINN,12
108,2,FINN,7
109,0,FINN,20
109,2,REY,33
110,1,FINN,26
114,1,REY,13
114,0,REY,17
115,0,REY,14
115,2,FINN,9
115,0,FINN,12
116,0,FINN,30
118,1,FINN,2
119,0,REY,2
119,2,FINN,8
120,2,LIEUTENANT MITAKA,13
121,1,LIEUTENANT MITAKA,14
122,3,LIEUTENANT MITAKA,9
123,0,REY,6
124,0,REY,26
124,1,REY,3
183,2,REY,33
145,1,HAN,17
146,0,HAN,22
147,0,HAN,88
147,1,HAN,23
147,2,REY,3
151,1,HAN,17
151,0,REY,53
156,0,HAN,93
161,0,FINN,62
163,1,FINN,13
170,2,BALA-TIK,46
170,0,BALA-TIK,29
171,0,BALA-TIK,38
173,1,HAN,7
174,0,BALA-TIK,22
174,0,HAN,8
175,0,HAN,49
176,0,TASU LEECH,16
177,0,TASU LEECH,16
177,1,HAN,40
177,0,HAN,10
178,0,HAN,34
178,1,TASU LEECH,1
178,1,HAN,13
178,0,BALA-TIK,4
181,2,REY,17
187,0,HAN,8
188,2,REY,3
191,0,REY,72
191,1,HAN,21
195,0,HAN,21
196,0,BALA-TIK,14
196,2,BALA-TIK,7
196,0,SNOKE,48
198,2,GENERAL HUX,35
198,0,SNOKE,28
206,0,SNOKE,8
208,0,FINN,11
208,2,FINN,1
208,0,HAN,143
209,0,HAN,2
209,0,FINN,18
209,2,FINN,13
213,0,HAN,7
218,3,HAN,23
223,0,HAN,41
227,0,FINN,25
238,0,HAN,16
238,0,FINN,46
241,0,FINN,32
242,0,FINN,4
242,2,FINN,2
246,0,MAZ,44
246,0,GA-97,6
246,0,BAZINE,4
247,2,BAZINE,21
252,0,MAZ,44
252,0,FINN,6
253,0,FINN,42
253,2,REY,5
253,0,MAZ,50
292,0,MAZ,17
296,1,HAN,31
296,4,STORMTROOPER,3
296,0,HAN,10
297,0,HAN,2
297,0,STORMTROOPER,29
300,1,POE,1
303,1,STORMTROOPER #5,51
303,0,STORMTROOPER #5,71
306,0,C-3PO,8
308,1,C-3PO,19
309,0,C-3PO,29
310,3,HAN,38
311,3,POE,14
318,3,LEIA,7
323,0,DR. KALONIA,6
324,3,C-3PO,1
328,0,LEIA,17
328,1,LEIA,11
329,1,LEIA,1
331,0,C-3PO,42
356,1,SNOKE,16
367,0,STARKILLER TECHNICIAN,8
367,3,POE,1
373,0,C-3PO,2
374,0,C-3PO,15
374,1,C-3PO,4
376,0,FINN,8
377,0,FINN,2
379,0,POE,1
379,1,POE,3
383,4,POE,19
385,0,HAN,1
391,0,FINN,18
391,0,HAN,34
392,0,HAN,43
392,0,FINN,40
393,0,FINN,7
393,1,HAN,12
394,0,HAN,14
394,1,HAN,10
394,1,OFFICER,4
394,0,OFFICER,29
395,0,OFFICER,24
396,0,KYLO REN,37
399,1,HAN,28
399,0,HAN,48
401,0,FIRST ORDER OFFICER,43
405,2,CAPTAIN PHASMA,4
405,1,CAPTAIN PHASMA,5
406,1,CAPTAIN PHASMA,12
407,1,HAN,30
409,0,CAPTAIN PHASMA,18
409,1,HAN,9
409,0,HAN,12
410,0,HAN,7
410,2,FINN,1
410,0,OFFICER,13
411,0,LEIA,8
411,3,ADMIRAL STATURA,1
412,1,REAR ADMIRAL GULCH,1
412,2,POE,39
415,0,POE,27
444,0,OFFICER TABALA ZO,2
445,0,OFFICER TABALA ZO,4
445,1,FINN,12
447,1,KYLO REN,45
449,2,YOLO ZIFF,7
451,1,POE,27
453,3,NIV LEK,6
457,1,GENERAL HUX,33
455,0,COLONEL DATOO,54
455,2,YOUNG TECHNICIAN,3
456,2,YOUNG TECHNICIAN,2
456,0,YOUNG TECHNICIAN,21
456,0,GENERAL HUX,42
457,0,GENERAL HUX,206
459,1,POE,84
461,0,C-3PO,35
462,0,C-3PO,24
462,2,C-3PO,21
463,0,C-3PO,17
463,2,LEIA,3
463,3,POE,23
358,0,GENERAL HUX,20
456,1,YOUNG TECHNICIAN,21
252,3,FINN,13
438,4,KYLO REN,64
275,1,UNKAR PLUTT,2
25,4,REY,48
146,3,REY,18
146,3,FINN,21
125,3,REY,16
175,0,BALA-TIK,8
237,3,REY,18
58,2,POE,39
212,0,FINN,8
212,5,HAN,11
176,2,TASU LEECH,11
121,5,LIEUTENANT MITAKA,86
189,4,HAN,96
319,4,LEIA,32
319,4,POE,8
189,5,HAN,12
390,1,KYLO REN,61
149,3,HAN,14
149,3,REY,17
170,2,HAN,40
170,0,HAN,24
139,0,FINN,17
176,3,TASU LEECH,3
177,3,TASU LEECH,10
447,3,KYLO REN,26
448,3,FINN,7
114,2,REY,12
239,5,HAN,11
399,2,FINN,60
311,5,FINN,95
147,4,HAN,7
346,2,KYLO REN,22
22,1,FN-2187,5
23,3,CAPTAIN PHASMA,2
219,4,REY,4
378,2,POE,27
295,1,FINN,37
295,1,MAZ,21
74,3,TECHNICIAN #1,41
203,2,SNOKE,295
445,5,OFFICER TABALA ZO,8
445,5,FINN,5
454,2,STARKILLER TECHNICIAN,5
454,2,GENERAL HUX,6
104,0,UNKAR,3
105,0,UNKAR,10
374,5,C-3PO,7
321,1,LEIA,36
333,4,HAN,57
49,3,POE,15
50,3,POE,24
50,3,STAR DESTROYER TECHNICIAN,10
342,5,REY,2
342,5,KYLO REN,16
286,4,GENERAL HUX,194
385,1,HAN,8
285,5,GENERAL HUX,19
197,2,SNOKE,30
146,5,REY,4
146,5,FINN,20
137,4,FINN,6
180,3,BALA-TIK,56
55,5,POE,13
220,3,HAN,36
63,2,KYLO REN,27
89,0,REY,104
309,3,C-3PO,97
164,2,FINN,30
331,4,C-3PO,66
346,4,KYLO REN,52
347,4,KYLO REN,68
21,1,CAPTAIN PHASMA,14
139,5,REY,6
58,5,POE,24
138,3,FINN,116
139,3,FINN,19
383,1,POE,71
158,3,FINN,78
413,2,POE,6
371,4,HAN,6
371,4,ADMIRAL ACKBAR,31
375,5,HAN,51
161,1,FINN,34
235,5,REY,16
103,5,FINN,21
437,5,KYLO REN,34
404,3,FINN,77
373,4,LEIA,6
440,5,KYLO REN,14
5,2,LOR SAN TEKKA,1
9,0,POE,2
392,3,FINN,193
453,0,NIV LEK,24
161,0,HAN,16
184,4,BALA-TIK,6
184,4,FINN,6
460,1,MEDIC,42
37,5,UNKAR,6
38,5,UNKAR,25
38,5,REY,10
414,1,COLONEL DATOO,4
293,2,REY,89
270,5,FINN,35
60,3,POE,1
179,4,BALA-TIK,26
432,5,HAN,16
392,2,FINN,112
464,3,C-3PO,31
375,5,LEIA,8
375,5,ADMIRAL STATURA,1
214,4,HAN,70
196,4,BALA-TIK,38
199,5,GENERAL HUX,14
330,5,C-3PO,24
180,4,BALA-TIK,26
420,3,FINN,19
241,2,HAN,77
241,2,FINN,1
428,2,JESS,4
459,4,POE,7
373,2,LEIA,8
174,2,BALA-TIK,9
86,2,FINN,30
150,3,REY,1
93,5,REY,6
360,2,KYLO REN,45
220,1,HAN,197
233,0,HAN,114
419,3,HAN,58
33,1,GENERAL HUX,15
375,1,LEIA,15
34,4,GENERAL HUX,24
303,5,KYLO REN,8
145,2,HAN,5
145,2,REY,37
301,5,KYLO REN,6
396,1,KYLO REN,25
230,4,REY,7
231,4,REY,4
390,2,STORMTROOPER,2
390,2,KYLO REN,24
382,5,LEIA,5
160,5,FINN,19
160,4,FINN,6
355,1,REY,3
206,2,HAN,6
425,2,REY,48
133,5,FINN,7
257,0,FINN,84
10,5,POE,11
10,5,LOR SAN TEKKA,60
230,5,HAN,55
336,1,LEIA,14
21,0,CAPTAIN PHASMA,14
21,4,STORMTROOPER #2,2
409,3,FINN,149
402,4,HAN,37
115,2,REY,11
151,1,REY,62
175,1,HAN,22
174,4,BALA-TIK,17
196,1,SNOKE,20
207,0,REY,1
182,2,REY,10
237,0,HAN,39
256,0,MAZ,53
256,0,FINN,122
264,0,MAZ,8
279,2,REY,4
32,5,KYLO REN,1
232,5,REY,4
232,5,HAN,69
13,3,POE,55
311,0,FINN,5
316,5,FINN,14
235,1,REY,39
295,5,FINN,5
295,5,MAZ,13
223,4,HAN,11
351,4,KYLO REN,39
77,3,GENERAL HUX,12
390,0,KYLO REN,103
403,0,FINN,70
92,4,REY,26
93,4,REY,4
365,2,REY,8
61,3,LIEUTENANT MITAKA,26
389,1,LEIA,41
389,2,LEIA,27
253,5,MAZ,31
192,4,REY,18
32,4,POE,62
265,5,REY,6
265,5,FINN,8
100,2,REY,4
100,2,FINN,8
58,0,POE,15
455,4,KYLO REN,29
25,0,REY,26
33,4,KYLO REN,31
269,4,FINN,74
139,2,REY,7
396,0,FINN,45
397,0,FINN,20
234,4,REY,4
323,1,C-3PO,3
324,1,C-3PO,19
341,1,GENERAL STATURA,12
341,1,REY,50
341,1,KYLO REN,18
246,3,MAZ,50
306,4,FINN,31
230,3,REY,40
245,1,HAN,3
245,1,MAZ,36
97,4,FINN,4
125,5,REY,19
328,3,LEIA,36
345,1,KYLO REN,32
393,4,HAN,32
394,4,HAN,25
205,2,SNOKE,32
95,1,REY,39
311,1,HAN,48
311,1,FINN,9
84,2,REY,4
84,2,FINN,12
84,4,FINN,14
104,3,UNKAR,6
105,3,UNKAR,12
25,3,REY,41
323,2,C-3PO,80
178,2,TASU LEECH,2
178,2,HAN,10
161,4,HAN,14
447,0,FINN,49
447,1,FINN,15
316,3,FINN,58
166,4,HAN,12
166,4,REY,4
464,5,C-3PO,21
465,5,C-3PO,4
445,2,REY,50
446,2,REY,6
123,0,FINN,10
296,2,HAN,12
466,5,LEIA,23
51,5,POE,10
52,5,POE,24
350,4,KYLO REN,40
374,2,C-3PO,2
459,2,POE,50
424,5,REY,36
439,5,KYLO REN,2
149,2,REY,24
263,4,MAZ,53
407,3,HAN,32
292,0,STORMTROOPER,1
207,3,HAN,25
33,1,KYLO REN,9
428,1,HAN,18
149,5,REY,21
167,3,FINN,5
239,3,HAN,71
285,3,GENERAL HUX,7
422,2,ADMIRAL ACKBAR,6
460,5,MEDIC,24
292,1,STORMTROOPER #4,2
292,0,STORMTROOPER #4,5
364,1,TROOPER GUARD #2,10
389,0,STORMTROOPER,14
389,1,STORMTROOPER,2
390,1,STORMTROOPER,10
391,0,KYLO REN,24
392,1,HAN,26
146,2,FINN,8
154,3,HAN,36
161,3,HAN,27
331,0,HAN,25
53,5,POE,30
54,5,POE,12
461,1,C-3PO,24
337,0,LEIA,7
92,2,FINN,4
374,1,HAN,38
275,0,REY,66
235,0,REY,83
13,4,POE,15
13,4,SENIOR TROOPER,3
266,4,MAZ,2
336,5,LEIA,6
123,2,REY,7
124,0,FINN,34
156,3,REY,1
156,2,HAN,17
156,2,REY,4
391,1,KYLO REN,11
399,2,HAN,1
33,3,GENERAL HUX,12
34,1,GENERAL HUX,20
328,4,LEIA,27
329,4,LEIA,6
464,1,C-3PO,47
452,4,POE,1
453,4,POE,5
406,2,CAPTAIN PHASMA,16
78,4,GENERAL HUX,32
301,2,KYLO REN,23
279,1,MAZ,41
274,3,YOUNG GIRL,4
274,3,UNKAR PLUTT,2
328,5,LEIA,41
329,5,LEIA,9
432,4,HAN,25
159,4,FINN,60
207,5,HAN,4
207,5,FINN,8
64,3,FINN,5
205,5,SNOKE,5
42,1,POE,5
414,0,COLONEL DATOO,8
369,5,MAJOR EMATT,39
369,5,POE,22
132,4,REY,21
445,0,REY,22
154,4,HAN,18
283,1,REY,12
360,5,SNOKE,4
392,4,HAN,12
331,5,C-3PO,67
368,1,BRANCE,4
34,5,GENERAL HUX,9
18,3,KYLO REN,31
448,4,JESS,56
447,5,KYLO REN,21
368,3,SNAP,11
465,4,C-3PO,5
136,3,FINN,7
98,5,FINN,12
43,4,POE,54
17,5,KYLO REN,30
48,5,POE,14
447,2,KYLO REN,13
160,0,HAN,23
416,1,POE,25
387,5,LEIA,43
43,2,FN-2187,24
170,4,HAN,18
350,5,KYLO REN,39
54,0,POE,33
54,0,FN-2187,12
54,2,FN-2187,8
119,1,LIEUTENANT MITAKA,9
253,4,MAZ,29
443,3,HAN,54
341,5,GENERAL STATURA,2
341,5,REY,4
82,4,KYLO REN,57
447,2,FINN,4
1,1,Intro Text,106
297,5,STORMTROOPER,13
422,0,ADMIRAL ACKBAR,4
276,4,MAZ,17
219,3,REY,2
320,2,LEIA,10
4,4,Intro Text,15
79,2,GENERAL HUX,2
396,1,FINN,30
445,3,REY,7
222,5,HAN,23
323,3,DR. KALONIA,27
163,0,FINN,48
287,3,GENERAL HUX,63
446,0,REY,4
276,5,REY,56
277,5,REY,17
110,4,FINN,85
376,1,FINN,3
377,1,FINN,2
80,3,KYLO REN,16
97,1,REY,5
97,0,REY,41
171,3,FINN,4
371,3,FINN,10
464,4,C-3PO,13
265,3,MAZ,3
266,3,MAZ,3
72,3,FINN,20
241,5,HAN,22
314,4,POE,20
181,4,HAN,35
89,4,REY,33
219,5,REY,9
405,5,FINN,26
18,5,POE,2
439,4,HAN,57
37,1,UNKAR,8
10,4,POE,22
10,4,LOR SAN TEKKA,28
409,1,CAPTAIN PHASMA,15
449,4,JESS,1
390,4,STORMTROOPER,1
390,4,KYLO REN,5
24,3,CAPTAIN PHASMA,6
24,3,UNKAR,19
80,2,KYLO REN,34
34,3,GENERAL HUX,33
33,4,GENERAL HUX,11
441,5,KYLO REN,109
20,5,POE,4
440,4,KYLO REN,18
112,4,FINN,30
57,4,POE,63
58,4,POE,22
163,5,REY,4
163,5,FINN,4
163,5,HAN,2
164,5,HAN,2
62,5,GENERAL HUX,6
413,5,YOLO ZIFF,9
413,5,POE,3
21,0,KYLO REN,5
129,4,FINN,22
196,1,BALA-TIK,14
100,5,REY,5
100,5,FINN,13
30,1,POE,9
146,2,REY,12
71,5,POE,3
72,5,FINN,2
75,2,TECHNICIAN #1,7
75,2,GENERAL HUX,13
329,5,C-3PO,32
61,3,GENERAL HUX,12
2,4,Intro Text,34
22,2,CAPTAIN PHASMA,6
321,5,FINN,13
179,5,BALA-TIK,30
179,5,TASU LEECH,1
445,5,KYLO REN,8
445,5,REY,10
394,2,OFFICER,12
44,5,POE,12
361,5,KYLO REN,8
361,5,SNOKE,15
86,5,REY,33
372,3,FINN,19
409,4,FINN,13
43,3,POE,52
396,5,FINN,39
397,5,FINN,3
119,0,FINN,30
238,3,FINN,92
184,5,BALA-TIK,8
184,5,FINN,10
411,2,REAR ADMIRAL GULCH,8
412,2,REAR ADMIRAL GULCH,2
361,4,SNOKE,15
362,4,SNOKE,6
245,0,HAN,11
66,3,POE,3
341,0,LEIA,12
134,3,FINN,2
134,3,REY,10
93,3,REY,2
178,3,HAN,18
451,2,POE,31
266,1,MAZ,23
122,3,KYLO REN,3
342,2,KYLO REN,46
278,4,MAZ,24
419,5,HAN,48
194,5,HAN,1
149,5,HAN,31
120,3,KYLO REN,2
110,2,REY,1
110,2,FINN,12
318,4,FINN,1
319,4,FINN,5
107,0,FINN,22
108,0,FINN,21
114,3,REY,12
350,3,KYLO REN,36
351,3,KYLO REN,31
249,0,MAZ,8
349,4,KYLO REN,7
142,3,REY,60
0,3,Intro Text,5
20,2,POE,2
251,2,MAZ,26
36,2,REY,55
92,0,FINN,27
97,2,REY,14
99,3,FINN,17
275,4,MAZ,3
132,4,FINN,3
133,4,FINN,7
133,4,REY,8
303,2,KYLO REN,21
374,3,C-3PO,5
148,5,HAN,10
148,5,FINN,5
188,2,HAN,5
331,5,HAN,5
311,3,HAN,30
303,4,KYLO REN,9
338,5,HAN,1
9,1,POE,7
79,0,GENERAL HUX,26
67,3,FINN,5
67,3,POE,22
67,4,FINN,1
232,1,HAN,16
49,4,FN-2187,3
251,4,MAZ,10
252,4,MAZ,4
53,0,POE,61
83,2,REY,9
83,4,FINN,1
93,0,REY,18
100,1,FINN,5
101,3,REY,13
101,3,FINN,3
102,3,FINN,8
102,3,REY,2
115,1,REY,11
115,1,FINN,10
134,0,REY,17
136,0,REY,29
136,2,FINN,13
136,1,FINN,3
141,1,REY,4
143,1,FINN,4
143,0,FINN,27
144,0,FINN,2
145,0,REY,18
146,0,REY,25
146,1,HAN,5
147,3,REY,1
152,0,REY,4
154,0,REY,2
168,1,FINN,13
175,1,BALA-TIK,13
179,0,TASU LEECH,12
180,0,TASU LEECH,7
181,0,BALA-TIK,6
209,1,FINN,7
209,3,FINN,1
214,0,HAN,9
244,1,HAN,1
253,1,REY,3
290,0,MAZ,18
292,1,MAZ,1
301,0,FINN,6
306,0,FINN,14
322,0,FINN,10
367,0,POE,31
368,0,POE,2
368,3,BRANCE,2
379,0,HAN,4
366,0,TROOPER GUARD #2,35
366,1,KYLO REN,4
392,2,HAN,18
391,2,HAN,1
407,0,HAN,14
459,0,SNAP,1
452,4,JESS,4
452,4,ELLO ASTY,8
161,5,FINN,94
160,5,HAN,28
165,3,HAN,21
166,3,HAN,21
341,4,REY,36
341,4,KYLO REN,13
447,4,KYLO REN,10
357,4,SNOKE,38
24,1,UNKAR,7
38,1,REY,17
92,3,FINN,4
295,4,FINN,15
295,4,MAZ,17
181,5,HAN,12
192,5,REY,90
400,4,FINN,5
236,2,HAN,16
84,5,FINN,7
161,2,FINN,44
310,4,HAN,46
239,2,REY,9
239,2,HAN,63
291,1,HAN,59
326,4,HAN,6
81,4,GENERAL HUX,7
75,1,TECHNICIAN #1,1
341,4,GENERAL STATURA,12
358,3,SNOKE,43
110,3,FINN,12
78,5,GENERAL HUX,5
78,5,KYLO REN,6
79,5,KYLO REN,8
390,0,STORMTROOPER,4
456,2,GENERAL HUX,3
457,2,GENERAL HUX,12
3,4,Intro Text,14
93,3,FINN,12
198,1,SNOKE,33
443,0,HAN,32
138,5,FINN,5
139,5,FINN,1
451,5,POE,12
296,3,HAN,69
56,5,POE,6
56,5,FN-2187,7
387,5,HAN,49
201,1,SNOKE,3
21,3,CAPTAIN PHASMA,3
21,3,KYLO REN,4
451,3,POE,4
452,3,POE,8
358,2,SNOKE,20
246,3,BAZINE,9
346,5,KYLO REN,40
173,5,BALA-TIK,9
174,5,BALA-TIK,28
428,4,HAN,7
429,4,HAN,12
55,5,FN-2187,21
457,1,SNOKE,12
185,5,REY,14
192,5,HAN,4
72,2,FINN,9
72,2,CAPTAIN PHASMA,2
430,1,KAYDEL KO CONNIX,24
396,3,KYLO REN,12
396,2,KYLO REN,22
189,2,REY,2
234,1,REY,15
275,1,MAZ,2
403,2,FINN,39
283,3,GENERAL HUX,40
260,5,MAZ,6
61,4,GENERAL HUX,14
62,4,GENERAL HUX,4
362,3,SNOKE,4
279,5,MAZ,29
182,1,REY,6
397,1,FINN,19
166,1,REY,1
67,1,FINN,4
461,3,C-3PO,10
142,3,FINN,101
190,3,HAN,13
125,4,REY,13
33,5,KYLO REN,6
322,4,FINN,7
410,3,HAN,2
410,3,FINN,4
69,5,FINN,3
425,4,REY,30
446,4,KYLO REN,8
446,4,FINN,5
157,2,HAN,1
54,3,FN-2187,13
170,3,BALA-TIK,24
378,2,MAJOR EMATT,1
342,3,REY,4
201,3,SNOKE,1
293,5,STORMTROOPER #4,2
210,0,REY,4
173,1,REY,1
173,4,REY,6
5,1,Intro Text,7
450,2,YOLO ZIFF,1
60,5,GENERAL HUX,12
113,5,REY,23
150,4,HAN,6
235,4,REY,9
359,3,GENERAL HUX,5
359,3,SNOKE,2
184,3,BALA-TIK,4
184,3,FINN,4
214,2,HAN,16
246,2,BAZINE,9
448,2,FINN,8
448,2,NIV LEK,3
92,5,REY,3
213,5,HAN,2
216,5,HAN,9
428,3,HAN,6
49,5,POE,2
199,3,GENERAL HUX,39
185,2,FINN,6
202,0,KYLO REN,2
145,1,REY,25
34,2,GENERAL HUX,11
61,1,GENERAL HUX,12
129,3,FINN,24
194,3,HAN,5
195,3,HAN,38
39,2,UNKAR,6
337,4,LEIA,9
404,2,HAN,2
316,0,FINN,8
233,2,HAN,20
241,3,FINN,2
111,5,FINN,7
378,4,POE,9
121,3,LIEUTENANT MITAKA,8
122,4,LIEUTENANT MITAKA,23
38,3,REY,30
314,3,POE,20
359,2,GENERAL HUX,11
191,5,REY,7
326,0,HAN,5
339,5,HAN,4
164,4,FINN,7
465,1,C-3PO,11
251,5,MAZ,6
252,5,MAZ,12
178,4,HAN,2
73,4,GENERAL HUX,2
73,4,CAPTAIN PHASMA,4
455,1,COLONEL DATOO,43
444,1,ADMIRAL ACKBAR,7
21,4,CAPTAIN PHASMA,2
21,4,KYLO REN,4
356,5,SNOKE,12
357,5,SNOKE,18
354,4,REY,32
315,1,FINN,1
62,2,GENERAL HUX,27
83,0,FINN,6
409,3,HAN,3
294,1,HAN,39
441,4,HAN,24
76,3,GENERAL HUX,1
163,3,FINN,18
444,1,REY,24
130,5,FINN,12
375,1,ADMIRAL STATURA,1
304,5,FINN,10
313,4,POE,10
22,5,CAPTAIN PHASMA,5
22,5,FN-2187,7
173,1,FINN,1
203,5,KYLO REN,3
233,1,HAN,9
122,5,KYLO REN,3
454,4,KYLO REN,10
385,5,LEIA,15
371,5,HAN,4
371,5,ADMIRAL ACKBAR,15
317,5,POE,13
122,5,REY,2
123,5,REY,3
391,1,FINN,24
185,1,FINN,16
384,4,HAN,66
20,0,STORMTROOPER #1,1
20,0,KYLO REN,4
274,2,YOUNG GIRL,40
80,4,KYLO REN,18
15,4,KYLO REN,49
424,4,HAN,3
95,4,FINN,31
95,4,REY,5
456,1,GENERAL HUX,6
253,3,FINN,22
365,3,TROOPER GUARD #2,22
366,3,REY,12
108,4,REY,6
339,4,HAN,32
370,1,HAN,4
164,5,FINN,18
227,5,HAN,5
320,4,POE,31
320,4,LEIA,7
299,2,HAN,10
299,2,POE,2
64,4,FINN,2
427,4,HAN,2
192,2,REY,12
246,5,GA-97,2
246,5,BAZINE,4
192,1,HAN,1
358,1,SNOKE,8
168,4,REY,19
163,4,FINN,6
104,0,REY,8
320,5,POE,24
164,1,FINN,5
276,5,MAZ,3
105,5,FINN,6
152,3,HAN,10
152,3,FINN,2
308,4,C-3PO,6
303,1,KYLO REN,11
227,2,HAN,1
78,4,KYLO REN,13
138,4,REY,15
81,4,KYLO REN,12
121,2,LIEUTENANT MITAKA,36
177,1,TASU LEECH,14
168,5,REY,15
452,2,POE,13
452,2,LT. BASTIAN,7
450,3,LT. BASTIAN,19
450,3,ELLO ASTY,3
24,4,CAPTAIN PHASMA,3
24,4,UNKAR,3
73,2,CAPTAIN PHASMA,2
73,1,TECHNICIAN #1,2
237,0,REY,50
418,4,FINN,6
188,4,HAN,6
146,1,REY,9
146,1,FINN,7
41,5,FN-2187,2
42,5,FN-2187,9
107,2,FINN,4
311,1,POE,6
234,3,REY,1
122,4,KYLO REN,1
52,0,FN-2187,5
466,3,LEIA,10
39,0,UNKAR,15
236,4,HAN,3
321,3,LEIA,45
150,3,HAN,6
39,2,REY,8
24,5,CAPTAIN PHASMA,2
24,5,UNKAR,10
134,1,FINN,8
60,1,GENERAL HUX,14
42,5,POE,19
190,5,REY,10
190,5,HAN,3
202,4,KYLO REN,5
168,4,HAN,6
54,2,POE,4
108,0,REY,36
368,5,SNAP,3
369,5,SNAP,10
162,4,HAN,15
66,5,FINN,32
423,3,HAN,9
459,3,POE,2
420,5,FINN,9
66,0,POE,2
109,2,FINN,5
447,5,FINN,4
99,0,REY,20
206,3,REY,20
174,2,HAN,1
174,1,HAN,1
152,0,HAN,9
429,3,HAN,4
455,2,COLONEL DATOO,6
18,3,POE,3
101,4,FINN,1
102,4,FINN,4
102,4,REY,1
275,5,MAZ,5
260,5,FINN,5
311,0,POE,2
431,3,C-3PO,1
401,1,FIRST ORDER OFFICER,1
436,3,HAN,1
158,4,FINN,36
234,2,REY,15
173,4,HAN,4
33,2,GENERAL HUX,2
122,1,LIEUTENANT MITAKA,5
434,5,KYLO REN,12
409,5,CAPTAIN PHASMA,1
233,4,HAN,12
322,1,FINN,4
61,4,LIEUTENANT MITAKA,7
295,3,HAN,2
437,1,HAN,24
292,2,MAZ,6
199,2,GENERAL HUX,7
219,1,REY,4
34,5,KYLO REN,9
189,5,REY,1
304,4,FINN,8
68,1,FINN,3
242,1,FINN,2
209,5,FINN,1
401,3,HAN,4
319,2,FINN,15
166,2,REY,8
457,4,GENERAL HUX,13
112,2,FINN,28
151,3,REY,16
152,3,REY,3
23,0,FN-2187,13
54,4,FN-2187,10
337,3,LEIA,7
26,4,REY,17
52,5,FN-2187,3
234,5,HAN,12
98,5,REY,2
314,5,POE,5
60,0,GENERAL HUX,2
48,1,POE,2
282,0,MAZ,15
291,3,MAZ,27
402,0,HAN,19
427,0,HAN,6
364,3,TROOPER GUARD #2,1
71,3,POE,1
23,2,CAPTAIN PHASMA,8
42,0,POE,6
50,0,POE,12
265,1,MAZ,24
321,5,LEIA,13
202,3,KYLO REN,9
38,1,UNKAR,38
244,4,HAN,4
244,4,MAZ,12
351,2,REY,5
457,5,GENERAL HUX,6
83,3,REY,1
106,5,REY,2
106,5,FINN,5
372,2,FINN,12
95,5,FINN,15
96,5,REY,4
95,5,REY,7
329,3,LEIA,4
355,0,REY,2
375,0,LEIA,6
68,2,FINN,2
336,0,LEIA,16
48,2,POE,7
69,0,POE,12
407,2,HAN,24
213,2,HAN,2
443,3,FINN,3
444,3,REY,12
444,3,ADMIRAL ACKBAR,3
207,4,HAN,14
244,5,MAZ,2
244,5,HAN,4
13,2,SENIOR TROOPER,6
13,0,SENIOR TROOPER,1
18,0,KYLO REN,12
390,5,KYLO REN,8
391,5,KYLO REN,3
423,2,ADMIRAL ACKBAR,1
423,2,OFFICER,5
423,3,OFFICER,1
99,3,REY,22
463,5,LEIA,2
463,5,POE,4
378,5,MAJOR EMATT,3
378,5,POE,4
393,5,HAN,9
394,5,HAN,5
99,5,FINN,3
99,5,REY,9
159,1,FINN,16
425,5,FINN,20
329,0,LEIA,1
109,1,FINN,1
404,0,HAN,12
339,4,LEIA,14
455,5,KYLO REN,16
355,0,SNOKE,2
266,5,REY,29
210,1,REY,3
189,4,REY,2
81,3,GENERAL HUX,8
299,0,HAN,1
299,0,POE,6
73,3,TECHNICIAN #1,1
3,2,Intro Text,12
144,2,HAN,16
359,1,GENERAL HUX,1
259,5,MAZ,6
137,3,FINN,6
167,1,FINN,6
463,2,C-3PO,5
463,1,C-3PO,1
284,3,GENERAL HUX,5
253,1,MAZ,10
139,4,REY,2
165,4,HAN,3
382,3,LEIA,9
319,3,FINN,1
162,0,HAN,48
173,0,HAN,4
173,2,REY,4
214,2,REY,2
29,5,KYLO REN,10
463,1,POE,29
292,4,STORMTROOPER,1
265,2,MAZ,3
266,2,MAZ,4
156,5,HAN,12
443,0,FINN,1
444,0,REY,4
444,0,ADMIRAL ACKBAR,7
460,0,MEDIC,7
401,0,HAN,12
244,3,HAN,8
244,3,MAZ,4
207,4,FINN,11
232,3,REY,8
232,3,HAN,21
73,3,GENERAL HUX,6
20,4,POE,3
371,2,FINN,10
191,0,HAN,19
126,4,FINN,7
51,2,POE,14
20,3,POE,2
424,0,FINN,19
162,4,REY,3
355,5,SNOKE,2
304,1,FINN,4
238,4,FINN,24
231,5,HAN,12
457,5,SNOKE,1
27,2,REY,3
170,3,HAN,57
354,5,REY,9
355,5,REY,2
406,4,CAPTAIN PHASMA,5
227,5,FINN,6
427,0,REY,4
171,0,REY,10
308,2,C-3PO,14
115,3,FINN,6
5,3,LOR SAN TEKKA,1
339,0,HAN,17
372,3,LEIA,6
342,1,KYLO REN,5
454,5,KYLO REN,7
443,5,HAN,14
182,4,REY,16
430,4,VOBER DAND,13
376,3,ADMIRAL STATURA,6
49,5,FN-2187,1
360,3,SNOKE,12
206,4,REY,5
206,4,HAN,1
370,3,HAN,4
371,3,HAN,2
66,1,POE,5
9,3,POE,3
69,3,POE,1
295,2,FINN,16
439,5,HAN,6
149,2,HAN,7
383,5,POE,18
112,4,REY,6
36,5,REY,24
363,0,REY,6
381,0,HAN,6
69,2,POE,3
392,4,FINN,5
93,4,FINN,2
102,0,FINN,4
148,1,HAN,3
154,1,HAN,14
23,2,FN-2187,23
341,5,KYLO REN,1
372,2,LEIA,3
146,4,HAN,2
85,5,FINN,24
311,4,POE,4
312,4,FINN,12
424,3,HAN,1
147,5,REY,7
183,4,REY,16
73,3,CAPTAIN PHASMA,6
430,5,VOBER DAND,19
158,5,FINN,6
465,3,LEIA,6
93,2,REY,7
275,2,MAZ,2
234,0,REY,74
171,5,REY,6
241,4,FINN,10
242,4,FINN,2
434,5,HAN,5
422,5,ADMIRAL ACKBAR,3
109,5,REY,1
109,5,FINN,2
439,4,KYLO REN,1
303,2,STORMTROOPER #5,7
458,5,REY,1
453,4,NIV LEK,8
284,4,GENERAL HUX,1
181,1,BALA-TIK,2
297,1,STORMTROOPER,1
298,0,STORMTROOPER,19
298,2,STORMTROOPER,1
299,0,STORMTROOPER,12
173,4,FINN,3
139,0,REY,12
233,5,HAN,6
455,4,REY,7
463,4,POE,1
76,4,GENERAL HUX,1
43,3,FN-2187,15
96,4,REY,6
447,3,FINN,4
45,4,POE,11
459,2,MEDIC,1
459,1,MEDIC,1
253,3,REY,1
124,2,FINN,11
47,5,FN-2187,3
45,5,FN-2187,3
46,5,POE,4
415,3,POE,12
187,5,HAN,4
188,5,HAN,2
401,2,GENERAL HUX,1
454,0,STARKILLER TECHNICIAN,24
454,3,GENERAL HUX,1
457,3,GENERAL HUX,3
455,4,YOUNG TECHNICIAN,1
455,0,YOUNG TECHNICIAN,1
119,2,LIEUTENANT MITAKA,8
328,2,LEIA,23
391,2,KYLO REN,7
60,5,POE,3
445,3,OFFICER TABALA ZO,4
67,2,FINN,1
67,5,FINN,2
68,5,FINN,1
393,2,HAN,14
394,2,HAN,18
195,1,REY,1
195,2,BALA-TIK,1
65,5,FINN,10
13,3,KYLO REN,1
422,3,ADMIRAL ACKBAR,4
73,5,GENERAL HUX,3
73,5,CAPTAIN PHASMA,3
274,5,REY,2
274,5,FINN,10
449,3,YOLO ZIFF,6
365,3,REY,4
182,3,REY,6
323,3,LEIA,4
144,3,REY,2
210,5,HAN,12
300,3,POE,10
301,3,POE,2
47,3,FN-2187,4
48,3,POE,1
265,5,HAN,2
192,4,HAN,3
212,2,HAN,15
212,2,FINN,12
234,5,REY,3
368,4,SNAP,1
84,4,REY,3
459,1,SNAP,2
264,0,FINN,4
422,4,ADMIRAL ACKBAR,1
27,4,REY,4
28,4,REY,2
247,5,KYLO REN,30
31,2,POE,2
402,3,FINN,12
443,4,FINN,1
18,4,POE,4
423,5,ADMIRAL ACKBAR,1
423,1,ADMIRAL ACKBAR,1
423,5,OFFICER,7
460,2,C-3PO,3
283,4,REY,1
399,4,FINN,6
455,5,YOUNG TECHNICIAN,1
456,5,YOUNG TECHNICIAN,5
401,3,FIRST ORDER OFFICER,12
100,0,FINN,6
423,4,OFFICER,6
460,0,C-3PO,5
97,3,FINN,8
460,5,C-3PO,6
236,3,HAN,2
93,2,FINN,2
102,1,FINN,8
102,1,REY,1
184,1,BALA-TIK,3
275,2,UNKAR PLUTT,3
460,3,C-3PO,3
37,2,REY,7
342,2,REY,1
424,3,FINN,15
207,1,FINN,24
199,4,GENERAL HUX,6
463,0,LEIA,3
463,0,POE,15
379,2,POE,1
379,2,ADMIRAL ACKBAR,1
379,5,ADMIRAL ACKBAR,1
443,5,KYLO REN,15
232,4,REY,2
237,5,REY,30
122,1,KYLO REN,3
71,2,POE,2
415,4,POE,1
134,2,FINN,6
450,3,POE,2
104,4,REY,5
104,4,UNKAR,4
105,4,UNKAR,1
132,0,FINN,3
441,5,HAN,3
292,5,MAZ,6
168,2,FINN,6
82,5,FINN,5
83,5,FINN,1
404,3,HAN,1
366,4,REY,2
382,4,LEIA,4
407,5,FINN,7
407,5,HAN,5
168,5,HAN,4
399,4,HAN,3
195,5,HAN,6
176,5,TASU LEECH,7
291,5,MAZ,1
115,3,REY,2
149,4,HAN,7
385,2,LEIA,11
264,2,MAZ,2
152,5,REY,1
259,3,MAZ,6
156,4,HAN,11
20,4,STORMTROOPER #1,8
20,4,KYLO REN,2
112,2,REY,1
123,2,FINN,1
114,1,FINN,3
304,3,STORMTROOPER,1
463,3,C-3PO,2
463,3,LEIA,6
9,4,POE,1
21,5,CAPTAIN PHASMA,3
428,4,JESS,4
173,4,BALA-TIK,3
148,2,HAN,1
149,1,HAN,2
154,3,REY,2
163,1,REY,7
163,0,REY,6
163,0,HAN,1
164,0,HAN,9
454,5,GENERAL HUX,1
431,1,C-3PO,14
195,3,BALA-TIK,11
21,5,KYLO REN,4
110,1,REY,1
45,5,POE,7
461,4,C-3PO,3
63,4,KYLO REN,6
429,3,KAYDEL KO CONNIX,2
320,5,LEIA,1
141,2,REY,1
145,0,HAN,2
244,2,HAN,1
355,4,REY,2
410,2,C-3PO,9
411,2,C-3PO,2
411,2,LEIA,3
295,0,MAZ,8
295,0,FINN,12
429,2,KAYDEL KO CONNIX,1
156,4,REY,1
41,5,POE,2
424,1,HAN,2
416,4,POE,4
417,4,POE,21
207,2,FINN,13
423,4,HAN,1
424,4,FINN,1
418,1,POE,1
64,2,FINN,5
181,4,REY,2
136,5,FINN,7
137,5,FINN,1
167,4,FINN,5
177,5,TASU LEECH,2
378,4,MAJOR EMATT,3
63,2,LIEUTENANT MITAKA,2
63,5,LIEUTENANT MITAKA,1
176,3,BALA-TIK,5
462,1,C-3PO,6
368,2,BRANCE,3
79,3,KYLO REN,7
54,1,FN-2187,6
232,0,REY,1
385,3,LEIA,6
5,2,Intro Text,12
385,4,FINN,4
385,4,LEIA,8
365,0,TROOPER GUARD #2,6
37,1,REY,4
242,5,HAN,9
153,3,REY,6
173,2,FINN,1
173,2,BALA-TIK,5
283,3,REY,2
134,1,REY,6
105,4,FINN,12
385,2,FINN,2
146,2,HAN,1
32,4,KYLO REN,5
181,3,REY,6
374,4,C-3PO,1
165,5,HAN,2
80,2,GENERAL HUX,9
168,4,FINN,10
415,2,POE,6
391,3,KYLO REN,6
157,5,REY,11
129,2,FINN,6
145,5,HAN,2
145,5,REY,4
374,5,HAN,7
372,1,LEIA,6
264,1,FINN,4
309,2,C-3PO,6
463,1,LEIA,1
158,5,REY,1
404,2,FINN,2
403,1,CAPTAIN PHASMA,2
264,1,MAZ,2
411,1,ADMIRAL STATURA,1
449,0,JESS,3
301,5,FINN,12
202,5,KYLO REN,4
409,2,HAN,1
209,2,HAN,1
212,3,FINN,4
22,3,CAPTAIN PHASMA,1
22,3,FN-2187,4
279,1,REY,1
50,1,FIRST ORDER COLONEL,6
63,0,LIEUTENANT MITAKA,6
373,3,LEIA,7
185,0,FINN,1
329,2,LEIA,1
63,1,LIEUTENANT MITAKA,6
401,1,GENERAL HUX,1
454,1,NIV LEK,1
230,0,REY,5
22,4,CAPTAIN PHASMA,4
22,4,FN-2187,2
148,3,HAN,1
148,3,FINN,5
434,3,HAN,3
446,3,REY,1
79,3,GENERAL HUX,4
196,3,SNOKE,5
122,2,LIEUTENANT MITAKA,6
394,4,OFFICER,6
409,2,CAPTAIN PHASMA,3
106,4,REY,4
130,1,REY,6
309,0,HAN,1
448,4,FINN,6
448,4,NIV LEK,2
410,3,OFFICER,1
410,2,OFFICER,3
409,4,HAN,1
430,3,KAYDEL KO CONNIX,1
430,3,VOBER DAND,7
455,3,REY,1
402,5,HAN,6
456,3,YOUNG TECHNICIAN,1
456,3,GENERAL HUX,3
13,1,SENIOR TROOPER,2
13,5,KYLO REN,4
458,1,POE,1
30,2,POE,5
125,0,FINN,2
370,5,HAN,2
189,1,REY,1
104,1,REY,4
185,5,FINN,5
381,5,HAN,1
213,3,HAN,1
118,0,FINN,1
443,5,FINN,1
300,4,POE,5
301,4,POE,1
393,3,FINN,1
313,5,POE,1
320,3,LEIA,2
449,3,JESS,1
179,2,TASU LEECH,2
180,2,TASU LEECH,3
390,5,STORMTROOPER,1
173,3,FINN,1
376,2,FINN,2
377,2,FINN,1
377,2,ADMIRAL STATURA,3
414,3,GENERAL HUX,1
179,4,TASU LEECH,1
180,4,TASU LEECH,3
181,4,BALA-TIK,1
198,2,SNOKE,1
37,4,REY,1
157,1,HAN,1
157,0,HAN,1
166,3,REY,12
412,3,REAR ADMIRAL GULCH,5
446,1,FINN,2
446,0,FINN,1
139,3,REY,2
369,0,MAJOR EMATT,1
195,3,REY,1
414,5,GENERAL HUX,2
414,5,COLONEL DATOO,4
39,1,REY,6
364,4,TROOPER GUARD #2,1
176,4,BALA-TIK,5
351,3,REY,3
307,2,C-3PO,6
11,5,POE,1
